SQL> 11.WAQTD NAME OF THE EMPLOYEES EARNING SALARY MORE THAN THE SALESMAN
SP2-0734: unknown command beginning "11.WAQTD N..." - rest of line ignored.
SQL> SELECT ENAME
  2  FROM EMP
  3  WHERE SAL>ALL(SELECT SAL
  4                FROM EMP
  5                 WHERE JOB='SALESMAN');

ENAME                                                                                                                                                                                                                                                                                                                                                                                                                                                                                                                                                                                                                                                                                                                                                                                                                                                                                                                                                                                                                                   
----------                                                                                                                                                                                                                                                                                                                                                                                                                                                                                                                                                                                                                                                                                                                                                                                                                                                                                                                                                                                                                              
JONES                                                                                                                                                                                                                                                                                                                                                                                                                                                                                                                                                                                                                                                                                                                                                                                                                                                                                                                                                                                                                                   
BLAKE                                                                                                                                                                                                                                                                                                                                                                                                                                                                                                                                                                                                                                                                                                                                                                                                                                                                                                                                                                                                                                   
CLARK                                                                                                                                                                                                                                                                                                                                                                                                                                                                                                                                                                                                                                                                                                                                                                                                                                                                                                                                                                                                                                   
SCOTT                                                                                                                                                                                                                                                                                                                                                                                                                                                                                                                                                                                                                                                                                                                                                                                                                                                                                                                                                                                                                                   
KING                                                                                                                                                                                                                                                                                                                                                                                                                                                                                                                                                                                                                                                                                                                                                                                                                                                                                                                                                                                                                                    
FORD                                                                                                                                                                                                                                                                                                                                                                                                                                                                                                                                                                                                                                                                                                                                                                                                                                                                                                                                                                                                                                    

6 rows selected.

SQL> 12.WAQTD DETAILS OF THE EMPLOYEES HIRED AFTER ALL THE CLERKS
SP2-0734: unknown command beginning "12.WAQTD D..." - rest of line ignored.
SQL> SELECT *
  2  FROM EMP
  3  WHERE HIREDATE>ALL (SELECT HIREDATE
  4                       FROM EMP
  5                       WHERE JOB='CLERK');

no rows selected

SQL> SELECT HIREDATE
  2   FROM EMP
  3   WHERE JOB='CLERK';

HIREDATE                                                                                                                                                                                                                                                                                                                                                                                                                                                                                                                                                                                                                                                                                                                                                                                                                                                                                                                                                                                                                                
---------                                                                                                                                                                                                                                                                                                                                                                                                                                                                                                                                                                                                                                                                                                                                                                                                                                                                                                                                                                                                                               
17-DEC-80                                                                                                                                                                                                                                                                                                                                                                                                                                                                                                                                                                                                                                                                                                                                                                                                                                                                                                                                                                                                                               
23-MAY-87                                                                                                                                                                                                                                                                                                                                                                                                                                                                                                                                                                                                                                                                                                                                                                                                                                                                                                                                                                                                                               
03-DEC-81                                                                                                                                                                                                                                                                                                                                                                                                                                                                                                                                                                                                                                                                                                                                                                                                                                                                                                                                                                                                                               
23-JAN-82                                                                                                                                                                                                                                                                                                                                                                                                                                                                                                                                                                                                                                                                                                                                                                                                                                                                                                                                                                                                                               

SQL> WAQTD NAME AND SALARY FOR ALL THE EMPLOYEES IF THEY ARE EARNING LESS THAN ATLEST A MANAGER
SP2-0734: unknown command beginning "WAQTD NAME..." - rest of line ignored.
SQL> SELECT ENAME, SAL
  2  FROM EMP
  3  WHERE SAL < ANY (SELECT SAL
  4                   FROM EMP
  5                   WHERE JOB='MANAGER');

ENAME             SAL                                                                                                                                                                                                                                                                                                                                                                                                                                                                                                                                                                                                                                                                                                                                                                                                                                                                                                                                                                                                                   
---------- ----------                                                                                                                                                                                                                                                                                                                                                                                                                                                                                                                                                                                                                                                                                                                                                                                                                                                                                                                                                                                                                   
SMITH             800                                                                                                                                                                                                                                                                                                                                                                                                                                                                                                                                                                                                                                                                                                                                                                                                                                                                                                                                                                                                                   
JAMES             950                                                                                                                                                                                                                                                                                                                                                                                                                                                                                                                                                                                                                                                                                                                                                                                                                                                                                                                                                                                                                   
ADAMS            1100                                                                                                                                                                                                                                                                                                                                                                                                                                                                                                                                                                                                                                                                                                                                                                                                                                                                                                                                                                                                                   
WARD             1250                                                                                                                                                                                                                                                                                                                                                                                                                                                                                                                                                                                                                                                                                                                                                                                                                                                                                                                                                                                                                   
MARTIN           1250                                                                                                                                                                                                                                                                                                                                                                                                                                                                                                                                                                                                                                                                                                                                                                                                                                                                                                                                                                                                                   
MILLER           1300                                                                                                                                                                                                                                                                                                                                                                                                                                                                                                                                                                                                                                                                                                                                                                                                                                                                                                                                                                                                                   
TURNER           1500                                                                                                                                                                                                                                                                                                                                                                                                                                                                                                                                                                                                                                                                                                                                                                                                                                                                                                                                                                                                                   
ALLEN            1600                                                                                                                                                                                                                                                                                                                                                                                                                                                                                                                                                                                                                                                                                                                                                                                                                                                                                                                                                                                                                   
CLARK            2450                                                                                                                                                                                                                                                                                                                                                                                                                                                                                                                                                                                                                                                                                                                                                                                                                                                                                                                                                                                                                   
BLAKE            2850                                                                                                                                                                                                                                                                                                                                                                                                                                                                                                                                                                                                                                                                                                                                                                                                                                                                                                                                                                                                                   

10 rows selected.

SQL> ED
Wrote file afiedt.buf

  1  SELECT ENAME, SAL, JOB
  2  FROM EMP
  3  WHERE SAL < ANY (SELECT SAL
  4                   FROM EMP
  5*                  WHERE JOB='MANAGER')
SQL> /

ENAME             SAL JOB                                                                                                                                                                                                                                                                                                                                                                                                                                                                                                                                                                                                                                                                                                                                                                                                                                                                                                                                                                                                               
---------- ---------- ---------                                                                                                                                                                                                                                                                                                                                                                                                                                                                                                                                                                                                                                                                                                                                                                                                                                                                                                                                                                                                         
SMITH             800 CLERK                                                                                                                                                                                                                                                                                                                                                                                                                                                                                                                                                                                                                                                                                                                                                                                                                                                                                                                                                                                                             
JAMES             950 CLERK                                                                                                                                                                                                                                                                                                                                                                                                                                                                                                                                                                                                                                                                                                                                                                                                                                                                                                                                                                                                             
ADAMS            1100 CLERK                                                                                                                                                                                                                                                                                                                                                                                                                                                                                                                                                                                                                                                                                                                                                                                                                                                                                                                                                                                                             
WARD             1250 SALESMAN                                                                                                                                                                                                                                                                                                                                                                                                                                                                                                                                                                                                                                                                                                                                                                                                                                                                                                                                                                                                          
MARTIN           1250 SALESMAN                                                                                                                                                                                                                                                                                                                                                                                                                                                                                                                                                                                                                                                                                                                                                                                                                                                                                                                                                                                                          
MILLER           1300 CLERK                                                                                                                                                                                                                                                                                                                                                                                                                                                                                                                                                                                                                                                                                                                                                                                                                                                                                                                                                                                                             
TURNER           1500 SALESMAN                                                                                                                                                                                                                                                                                                                                                                                                                                                                                                                                                                                                                                                                                                                                                                                                                                                                                                                                                                                                          
ALLEN            1600 SALESMAN                                                                                                                                                                                                                                                                                                                                                                                                                                                                                                                                                                                                                                                                                                                                                                                                                                                                                                                                                                                                          
CLARK            2450 MANAGER                                                                                                                                                                                                                                                                                                                                                                                                                                                                                                                                                                                                                                                                                                                                                                                                                                                                                                                                                                                                           
BLAKE            2850 MANAGER                                                                                                                                                                                                                                                                                                                                                                                                                                                                                                                                                                                                                                                                                                                                                                                                                                                                                                                                                                                                           

10 rows selected.

SQL> 14.WAQTD NAME AND HIREDATE OF EMPLOYEES HIRED BEFORE ALL THE MANAGERS
SP2-0734: unknown command beginning "14.WAQTD N..." - rest of line ignored.
SQL> SELECT ENAME, HIREDATE
  2  FROM EMP
  3  WHERE HIREDATE< ALL (SELECT HIREDATE
  4                       FROM EMP
  5                       WHERE JOB='MANAGER');

ENAME      HIREDATE                                                                                                                                                                                                                                                                                                                                                                                                                                                                                                                                                                                                                                                                                                                                                                                                                                                                                                                                                                                                                     
---------- ---------                                                                                                                                                                                                                                                                                                                                                                                                                                                                                                                                                                                                                                                                                                                                                                                                                                                                                                                                                                                                                    
SMITH      17-DEC-80                                                                                                                                                                                                                                                                                                                                                                                                                                                                                                                                                                                                                                                                                                                                                                                                                                                                                                                                                                                                                    
ALLEN      20-FEB-81                                                                                                                                                                                                                                                                                                                                                                                                                                                                                                                                                                                                                                                                                                                                                                                                                                                                                                                                                                                                                    
WARD       22-FEB-81                                                                                                                                                                                                                                                                                                                                                                                                                                                                                                                                                                                                                                                                                                                                                                                                                                                                                                                                                                                                                    

SQL> 15.WAQTD NAMES OF THE EMPLOYEES HIRED AFTER ALL THE MANAGERS AND EARNING SALARY MORE THAN ALL THE CLERKS
SP2-0734: unknown command beginning "15.WAQTD N..." - rest of line ignored.
SQL> SELECT ENAME
  2  FROM EMP
  3  WHERE HIREDATE> ALL (SELECT HIREDATE
  4                       FROM EMP
  5                       WHERE JOB='MANAGER') AND SAL> ALL(SELECT SAL
  6                                                         FROM EMP
  7                                                         WHERE JOB='CLERK');

ENAME                                                                                                                                                                                                                                                                                                                                                                                                                                                                                                                                                                                                                                                                                                                                                                                                                                                                                                                                                                                                                                   
----------                                                                                                                                                                                                                                                                                                                                                                                                                                                                                                                                                                                                                                                                                                                                                                                                                                                                                                                                                                                                                              
SCOTT                                                                                                                                                                                                                                                                                                                                                                                                                                                                                                                                                                                                                                                                                                                                                                                                                                                                                                                                                                                                                                   
KING                                                                                                                                                                                                                                                                                                                                                                                                                                                                                                                                                                                                                                                                                                                                                                                                                                                                                                                                                                                                                                    
TURNER                                                                                                                                                                                                                                                                                                                                                                                                                                                                                                                                                                                                                                                                                                                                                                                                                                                                                                                                                                                                                                  
FORD                                                                                                                                                                                                                                                                                                                                                                                                                                                                                                                                                                                                                                                                                                                                                                                                                                                                                                                                                                                                                                    

SQL> 16.WAQTD DETAILS OF THE EMPLOYEES WORKING AS CLERK AND HIRED BEFORE ATLEST A SALESMAN
SP2-0734: unknown command beginning "16.WAQTD D..." - rest of line ignored.
SQL> SELECT *
  2  FROM EMP
  3  WHERE JOB='CLERK' AND HIREDATE<ANY (SELECT HIREDATE
  4                                      FROM EMP
  5                                      JOB='SALESMAN');
                                    JOB='SALESMAN')
                                       *
ERROR at line 5:
ORA-00907: missing right parenthesis 


SQL> ED
Wrote file afiedt.buf

  1  SELECT *
  2  FROM EMP
  3  WHERE JOB='CLERK' AND HIREDATE<ANY (SELECT HIREDATE
  4                                      FROM EMP
  5*                                      WHERE JOB='SALESMAN')
SQL> /

     EMPNO ENAME      JOB              MGR HIREDATE         SAL       COMM     DEPTNO                                                                                                                                                                                                                                                                                                                                                                                                                                                                                                                                                                                                                                                                                                                                                                                                                                                                                                                                                   
---------- ---------- --------- ---------- --------- ---------- ---------- ----------                                                                                                                                                                                                                                                                                                                                                                                                                                                                                                                                                                                                                                                                                                                                                                                                                                                                                                                                                   
      7369 SMITH      CLERK           7902 17-DEC-80        800                    20                                                                                                                                                                                                                                                                                                                                                                                                                                                                                                                                                                                                                                                                                                                                                                                                                                                                                                                                                   

SQL> 17.WAQTD DETAILS OF EMPLOYEES WORKING IN ACCOUNTING OR SALES DEPT
SP2-0734: unknown command beginning "17.WAQTD D..." - rest of line ignored.
SQL> SELECT *
  2  FROM EMP
  3  WHERE DEPTNO IN(SELECT DEPTNO
  4                  FROM DEPT
  5                  WHERE DNAME IN ('ACCOUNTING','SALES');
                WHERE DNAME IN ('ACCOUNTING','SALES')
                                                    *
ERROR at line 5:
ORA-00907: missing right parenthesis 


SQL> ED
Wrote file afiedt.buf

  1  SELECT *
  2  FROM EMP
  3  WHERE DEPTNO IN(SELECT DEPTNO
  4                  FROM DEPT
  5*                 WHERE DNAME IN ('ACCOUNTING','SALES'))
SQL> /

     EMPNO ENAME      JOB              MGR HIREDATE         SAL       COMM     DEPTNO                                                                                                                                                                                                                                                                                                                                                                                                                                                                                                                                                                                                                                                                                                                                                                                                                                                                                                                                                   
---------- ---------- --------- ---------- --------- ---------- ---------- ----------                                                                                                                                                                                                                                                                                                                                                                                                                                                                                                                                                                                                                                                                                                                                                                                                                                                                                                                                                   
      7499 ALLEN      SALESMAN        7698 20-FEB-81       1600        300         30                                                                                                                                                                                                                                                                                                                                                                                                                                                                                                                                                                                                                                                                                                                                                                                                                                                                                                                                                   
      7521 WARD       SALESMAN        7698 22-FEB-81       1250        500         30                                                                                                                                                                                                                                                                                                                                                                                                                                                                                                                                                                                                                                                                                                                                                                                                                                                                                                                                                   
      7654 MARTIN     SALESMAN        7698 28-SEP-81       1250       1400         30                                                                                                                                                                                                                                                                                                                                                                                                                                                                                                                                                                                                                                                                                                                                                                                                                                                                                                                                                   
      7698 BLAKE      MANAGER         7839 01-MAY-81       2850                    30                                                                                                                                                                                                                                                                                                                                                                                                                                                                                                                                                                                                                                                                                                                                                                                                                                                                                                                                                   
      7782 CLARK      MANAGER         7839 09-JUN-81       2450                    10                                                                                                                                                                                                                                                                                                                                                                                                                                                                                                                                                                                                                                                                                                                                                                                                                                                                                                                                                   
      7839 KING       PRESIDENT            17-NOV-81       5000                    10                                                                                                                                                                                                                                                                                                                                                                                                                                                                                                                                                                                                                                                                                                                                                                                                                                                                                                                                                   
      7844 TURNER     SALESMAN        7698 08-SEP-81       1500          0         30                                                                                                                                                                                                                                                                                                                                                                                                                                                                                                                                                                                                                                                                                                                                                                                                                                                                                                                                                   
      7900 JAMES      CLERK           7698 03-DEC-81        950                    30                                                                                                                                                                                                                                                                                                                                                                                                                                                                                                                                                                                                                                                                                                                                                                                                                                                                                                                                                   
      7934 MILLER     CLERK           7782 23-JAN-82       1300                    10                                                                                                                                                                                                                                                                                                                                                                                                                                                                                                                                                                                                                                                                                                                                                                                                                                                                                                                                                   

9 rows selected.

SQL> 18.WAQTD DEPARTMENT NAMES OF THE EMPOYEES WITH NAME SMITH , KING AND MILLER
SP2-0734: unknown command beginning "18.WAQTD D..." - rest of line ignored.
SQL> SELECT DNAME
  2  FROM EMP
  3  WHERE DEPTNO IN (SELECT DEPTNO
  4                   FROM EMP
  5                   WHERE ENAME IN('SMITH','KING','MILLER');
                 WHERE ENAME IN('SMITH','KING','MILLER')
                                                       *
ERROR at line 5:
ORA-00907: missing right parenthesis 


SQL> ED
Wrote file afiedt.buf

  1  SELECT DNAME
  2  FROM EMP
  3  WHERE DEPTNO IN (SELECT DEPTNO
  4                   FROM EMP
  5*                  WHERE ENAME IN('SMITH','KING','MILLER'))
SQL> /
SELECT DNAME
       *
ERROR at line 1:
ORA-00904: "DNAME": invalid identifier 


SQL> ED
Wrote file afiedt.buf

  1  SELECT DNAME
  2  FROM DEPT
  3  WHERE DEPTNO IN (SELECT DEPTNO
  4                   FROM EMP
  5*                  WHERE ENAME IN('SMITH','KING','MILLER'))
SQL> /

DNAME                                                                                                                                                                                                                                                                                                                                                                                                                                                                                                                                                                                                                                                                                                                                                                                                                                                                                                                                                                                                                                   
--------------                                                                                                                                                                                                                                                                                                                                                                                                                                                                                                                                                                                                                                                                                                                                                                                                                                                                                                                                                                                                                          
ACCOUNTING                                                                                                                                                                                                                                                                                                                                                                                                                                                                                                                                                                                                                                                                                                                                                                                                                                                                                                                                                                                                                              
RESEARCH                                                                                                                                                                                                                                                                                                                                                                                                                                                                                                                                                                                                                                                                                                                                                                                                                                                                                                                                                                                                                                

SQL> 19.WAQTD DETAILS OF EMPLOYEES WORKING NEWYORK OR CHICAGO
SP2-0734: unknown command beginning "19.WAQTD D..." - rest of line ignored.
SQL> SELECT *
  2  FROM EMP
  3  WHERE DEPTNO IN (SELECT DEPTNO
  4                   FROM EMP
  5  
SQL> 
SQL> SELECT *
  2  FROM EMP
  3  WHERE DEPTNO IN (SELECT DEPTNO
  4                   FROM DEPT
  5                   WHERE LOC IN('NEWYORK','CHICAGO'));

     EMPNO ENAME      JOB              MGR HIREDATE         SAL       COMM     DEPTNO                                                                                                                                                                                                                                                                                                                                                                                                                                                                                                                                                                                                                                                                                                                                                                                                                                                                                                                                                   
---------- ---------- --------- ---------- --------- ---------- ---------- ----------                                                                                                                                                                                                                                                                                                                                                                                                                                                                                                                                                                                                                                                                                                                                                                                                                                                                                                                                                   
      7499 ALLEN      SALESMAN        7698 20-FEB-81       1600        300         30                                                                                                                                                                                                                                                                                                                                                                                                                                                                                                                                                                                                                                                                                                                                                                                                                                                                                                                                                   
      7521 WARD       SALESMAN        7698 22-FEB-81       1250        500         30                                                                                                                                                                                                                                                                                                                                                                                                                                                                                                                                                                                                                                                                                                                                                                                                                                                                                                                                                   
      7654 MARTIN     SALESMAN        7698 28-SEP-81       1250       1400         30                                                                                                                                                                                                                                                                                                                                                                                                                                                                                                                                                                                                                                                                                                                                                                                                                                                                                                                                                   
      7698 BLAKE      MANAGER         7839 01-MAY-81       2850                    30                                                                                                                                                                                                                                                                                                                                                                                                                                                                                                                                                                                                                                                                                                                                                                                                                                                                                                                                                   
      7844 TURNER     SALESMAN        7698 08-SEP-81       1500          0         30                                                                                                                                                                                                                                                                                                                                                                                                                                                                                                                                                                                                                                                                                                                                                                                                                                                                                                                                                   
      7900 JAMES      CLERK           7698 03-DEC-81        950                    30                                                                                                                                                                                                                                                                                                                                                                                                                                                                                                                                                                                                                                                                                                                                                                                                                                                                                                                                                   

6 rows selected.

SQL> 20.WAQTD EMP NAMES IF EMPLOYEES ARE HIRED AFTER ALL THE EMPLOYEES OF DEPT 10
SP2-0734: unknown command beginning "20.WAQTD E..." - rest of line ignored.
SQL> SELECT ENMAE
  2  FROM
  3  
SQL> SELECT ENAME
  2  FROM EMP
  3  WHERE HIREDATE> ALL (SELECT HIREDATE
  4                       FROM EMP
  5                       WHERE DEPTNO=10);

ENAME                                                                                                                                                                                                                                                                                                                                                                                                                                                                                                                                                                                                                                                                                                                                                                                                                                                                                                                                                                                                                                   
----------                                                                                                                                                                                                                                                                                                                                                                                                                                                                                                                                                                                                                                                                                                                                                                                                                                                                                                                                                                                                                              
SCOTT                                                                                                                                                                                                                                                                                                                                                                                                                                                                                                                                                                                                                                                                                                                                                                                                                                                                                                                                                                                                                                   
ADAMS                                                                                                                                                                                                                                                                                                                                                                                                                                                                                                                                                                                                                                                                                                                                                                                                                                                                                                                                                                                                                                   

SQL> 1.WAQTD NAME OF THE EMPLOYEE EARNING MAXIMUM
SP2-0734: unknown command beginning "1.WAQTD NA..." - rest of line ignored.
SQL> SELECT ENAME
  2  FROM EMP
  3  WHERE MAX(sAL);
WHERE MAX(sAL)
      *
ERROR at line 3:
ORA-00934: group function is not allowed here 


SQL> SELECT ENAME, MAX(SAL)
  2  FROM EMP;
SELECT ENAME, MAX(SAL)
       *
ERROR at line 1:
ORA-00937: not a single-group group function 


SQL> SELECT ENAME
  2  FROM EMP
  3  WHERE SAL=(SELECT MAX(SAL) FROM EMP);

ENAME                                                                                                                                                                                                                                                                                                                                                                                                                                                                                                                                                                                                                                                                                                                                                                                                                                                                                                                                                                                                                                   
----------                                                                                                                                                                                                                                                                                                                                                                                                                                                                                                                                                                                                                                                                                                                                                                                                                                                                                                                                                                                                                              
KING                                                                                                                                                                                                                                                                                                                                                                                                                                                                                                                                                                                                                                                                                                                                                                                                                                                                                                                                                                                                                                    

SQL> 2.WAQTD NAME OF THE EMPLOYEE EARNING MINIMUM SALARY
SP2-0734: unknown command beginning "2.WAQTD NA..." - rest of line ignored.
SQL> SELECT ENAME
  2  FROM EMP
  3  WHERE SAL=(SELECT MIN(SAL) FROM EMP);

ENAME                                                                                                                                                                                                                                                                                                                                                                                                                                                                                                                                                                                                                                                                                                                                                                                                                                                                                                                                                                                                                                   
----------                                                                                                                                                                                                                                                                                                                                                                                                                                                                                                                                                                                                                                                                                                                                                                                                                                                                                                                                                                                                                              
SMITH                                                                                                                                                                                                                                                                                                                                                                                                                                                                                                                                                                                                                                                                                                                                                                                                                                                                                                                                                                                                                                   

SQL> 3.WAQTD NAME AND HIREDATE OF THE EMPLOYEE HIRED BEFORE ALL THE EMPLOYEES (FIRST EMP)
SP2-0734: unknown command beginning "3.WAQTD NA..." - rest of line ignored.
SQL> SELECT ENAME,HIREDATE
  2  FROM EMP
  3  WHERE HIREDATE< ALL (SELECT MIN(HIREDATE) FROM EMP);

no rows selected

SQL> ED
Wrote file afiedt.buf

  1  SELECT ENAME,HIREDATE
  2  FROM EMP
  3* WHERE HIREDATE< (SELECT MIN(HIREDATE) FROM EMP)
SQL> /

no rows selected

SQL> SELECT ENAME, HIREDATE
  2  FROM EMP
  3  WHERE HIREDATE=(SELECT MIN(HIREDATE) FROM EMP);

ENAME      HIREDATE                                                                                                                                                                                                                                                                                                                                                                                                                                                                                                                                                                                                                                                                                                                                                                                                                                                                                                                                                                                                                     
---------- ---------                                                                                                                                                                                                                                                                                                                                                                                                                                                                                                                                                                                                                                                                                                                                                                                                                                                                                                                                                                                                                    
SMITH      17-DEC-80                                                                                                                                                                                                                                                                                                                                                                                                                                                                                                                                                                                                                                                                                                                                                                                                                                                                                                                                                                                                                    

SQL> ED
Wrote file afiedt.buf

  1  SELECT ENAME, HIREDATE
  2  FROM EMP
  3* WHERE HIREDATE=(SELECT MAX(HIREDATE) FROM EMP)
SQL> /

ENAME      HIREDATE                                                                                                                                                                                                                                                                                                                                                                                                                                                                                                                                                                                                                                                                                                                                                                                                                                                                                                                                                                                                                     
---------- ---------                                                                                                                                                                                                                                                                                                                                                                                                                                                                                                                                                                                                                                                                                                                                                                                                                                                                                                                                                                                                                    
ADAMS      23-MAY-87                                                                                                                                                                                                                                                                                                                                                                                                                                                                                                                                                                                                                                                                                                                                                                                                                                                                                                                                                                                                                    

SQL> 5.WAQTD NAME, COMM OF THE EMPLOYEE WHO EARNS MIN COMISSION
SP2-0734: unknown command beginning "5.WAQTD NA..." - rest of line ignored.
SQL> SELECT ENAME, COMM
  2  FROM EMP
  3  WHERE COMM = (SELECT MIN(COMM) FROM EMP);

ENAME            COMM                                                                                                                                                                                                                                                                                                                                                                                                                                                                                                                                                                                                                                                                                                                                                                                                                                                                                                                                                                                                                   
---------- ----------                                                                                                                                                                                                                                                                                                                                                                                                                                                                                                                                                                                                                                                                                                                                                                                                                                                                                                                                                                                                                   
TURNER              0                                                                                                                                                                                                                                                                                                                                                                                                                                                                                                                                                                                                                                                                                                                                                                                                                                                                                                                                                                                                                   

SQL> 6.WAQTD NAME, SAL AND COMM OF THE EMPLOYEE EARNING MAXIMUM COMISSION
SP2-0734: unknown command beginning "6.WAQTD NA..." - rest of line ignored.
SQL> SELECT ENAME,SAL,COMM
  2  FROM EMP
  3  WHERE COMM=(SELECT MAX(SAL) FROM EMP);

no rows selected

SQL> ED
Wrote file afiedt.buf

  1  SELECT ENAME,SAL,COMM
  2  FROM EMP
  3* WHERE COMM=(SELECT MAX(COMM) FROM EMP)
SQL> /

ENAME             SAL       COMM                                                                                                                                                                                                                                                                                                                                                                                                                                                                                                                                                                                                                                                                                                                                                                                                                                                                                                                                                                                                        
---------- ---------- ----------                                                                                                                                                                                                                                                                                                                                                                                                                                                                                                                                                                                                                                                                                                                                                                                                                                                                                                                                                                                                        
MARTIN           1250       1400                                                                                                                                                                                                                                                                                                                                                                                                                                                                                                                                                                                                                                                                                                                                                                                                                                                                                                                                                                                                        

SQL> 7.WAQTD DETAILS OF THE EMPLOYEE WHO HAS GREATEST EMPNO
SP2-0734: unknown command beginning "7.WAQTD DE..." - rest of line ignored.
SQL> SELECT *
  2  FROM EMP
  3  WHERE EMPNO=(SELECT MAX(EMPNO) FROM EMP);

     EMPNO ENAME      JOB              MGR HIREDATE         SAL       COMM     DEPTNO                                                                                                                                                                                                                                                                                                                                                                                                                                                                                                                                                                                                                                                                                                                                                                                                                                                                                                                                                   
---------- ---------- --------- ---------- --------- ---------- ---------- ----------                                                                                                                                                                                                                                                                                                                                                                                                                                                                                                                                                                                                                                                                                                                                                                                                                                                                                                                                                   
      7934 MILLER     CLERK           7782 23-JAN-82       1300                    10                                                                                                                                                                                                                                                                                                                                                                                                                                                                                                                                                                                                                                                                                                                                                                                                                                                                                                                                                   

SQL> SELECT *
  2  FROM EMP
  3  WHERE HIREDATE=(SELECT MIN(HIREDATE) FROM EMP);

     EMPNO ENAME      JOB              MGR HIREDATE         SAL       COMM     DEPTNO                                                                                                                                                                                                                                                                                                                                                                                                                                                                                                                                                                                                                                                                                                                                                                                                                                                                                                                                                   
---------- ---------- --------- ---------- --------- ---------- ---------- ----------                                                                                                                                                                                                                                                                                                                                                                                                                                                                                                                                                                                                                                                                                                                                                                                                                                                                                                                                                   
      7369 SMITH      CLERK           7902 17-DEC-80        800                    20                                                                                                                                                                                                                                                                                                                                                                                                                                                                                                                                                                                                                                                                                                                                                                                                                                                                                                                                                   

SQL> 9.WAQTD DETAILS OF THE EMPLOYEES EARNING LEAST ANNUAL SALARY
SP2-0734: unknown command beginning "9.WAQTD DE..." - rest of line ignored.
SQL> SELECT *
  2  FROM EMP
  3  WHERE SAL*12=(SELECT MIN(SAL*12) FROM EMP);

     EMPNO ENAME      JOB              MGR HIREDATE         SAL       COMM     DEPTNO                                                                                                                                                                                                                                                                                                                                                                                                                                                                                                                                                                                                                                                                                                                                                                                                                                                                                                                                                   
---------- ---------- --------- ---------- --------- ---------- ---------- ----------                                                                                                                                                                                                                                                                                                                                                                                                                                                                                                                                                                                                                                                                                                                                                                                                                                                                                                                                                   
      7369 SMITH      CLERK           7902 17-DEC-80        800                    20                                                                                                                                                                                                                                                                                                                                                                                                                                                                                                                                                                                                                                                                                                                                                                                                                                                                                                                                                   

SQL> 10.WAQTD NAME , ANNUAL SALARY OF THE EMPLOYEES IF THEIR ANNUAL
SP2-0734: unknown command beginning "10.WAQTD N..." - rest of line ignored.
SQL> SALARY IS MORE THAN ALL THE SALESMAN
SP2-0734: unknown command beginning "SALARY IS ..." - rest of line ignored.
SQL> SELECT ENAME, SAL*12 ANN_SAL
  2  FROM EMP
  3  WHERE SAL*12 >ALL(SELECT SAL*12
  4                    FROM EMP
  5                    WHERE JOB='SALESMAN');

ENAME         ANN_SAL                                                                                                                                                                                                                                                                                                                                                                                                                                                                                                                                                                                                                                                                                                                                                                                                                                                                                                                                                                                                                   
---------- ----------                                                                                                                                                                                                                                                                                                                                                                                                                                                                                                                                                                                                                                                                                                                                                                                                                                                                                                                                                                                                                   
JONES           35700                                                                                                                                                                                                                                                                                                                                                                                                                                                                                                                                                                                                                                                                                                                                                                                                                                                                                                                                                                                                                   
BLAKE           34200                                                                                                                                                                                                                                                                                                                                                                                                                                                                                                                                                                                                                                                                                                                                                                                                                                                                                                                                                                                                                   
CLARK           29400                                                                                                                                                                                                                                                                                                                                                                                                                                                                                                                                                                                                                                                                                                                                                                                                                                                                                                                                                                                                                   
SCOTT           36000                                                                                                                                                                                                                                                                                                                                                                                                                                                                                                                                                                                                                                                                                                                                                                                                                                                                                                                                                                                                                   
KING            60000                                                                                                                                                                                                                                                                                                                                                                                                                                                                                                                                                                                                                                                                                                                                                                                                                                                                                                                                                                                                                   
FORD            36000                                                                                                                                                                                                                                                                                                                                                                                                                                                                                                                                                                                                                                                                                                                                                                                                                                                                                                                                                                                                                   

6 rows selected.

SQL> NESTED SUB QUERY :
SP2-0734: unknown command beginning "NESTED SUB..." - rest of line ignored.
SQL> 31.WAQTD 2ND MINIMUM SALARY
SP2-0734: unknown command beginning "31.WAQTD 2..." - rest of line ignored.
SQL> SELECT MIN(SAL)
  2  FROM EMP
  3  WHERE SAL>(SELECT MIN(SAL) FROM EMP);

  MIN(SAL)                                                                                                                                                                                                                                                                                                                                                                                                                                                                                                                                                                                                                                                                                                                                                                                                                                                                                                                                                                                                                              
----------                                                                                                                                                                                                                                                                                                                                                                                                                                                                                                                                                                                                                                                                                                                                                                                                                                                                                                                                                                                                                              
       950                                                                                                                                                                                                                                                                                                                                                                                                                                                                                                                                                                                                                                                                                                                                                                                                                                                                                                                                                                                                                              

SQL> 32.WAQTD 5TH MAXIMUM SALARY
SP2-0734: unknown command beginning "32.WAQTD 5..." - rest of line ignored.
SQL> SELECT MAX(sAL)
  2  FROM EMP
  3  WHERE SAL< (SELECT MAX(SAL) FROM EMP WHERE SAL <  (SELECT MAX(SAL) FROM EMP WHERE SAL <
  4   (SELECT MAX(SAL) FROM EMP WHERE SAL < (SELECT MAX(SAL) FROM EMP ))));

  MAX(SAL)                                                                                                                                                                                                                                                                                                                                                                                                                                                                                                                                                                                                                                                                                                                                                                                                                                                                                                                                                                                                                              
----------                                                                                                                                                                                                                                                                                                                                                                                                                                                                                                                                                                                                                                                                                                                                                                                                                                                                                                                                                                                                                              
      2450                                                                                                                                                                                                                                                                                                                                                                                                                                                                                                                                                                                                                                                                                                                                                                                                                                                                                                                                                                                                                              

SQL> WAQTD NAME OF THE EMPLOYEE EARNING 3RD MAXIMUM SALARY
SP2-0734: unknown command beginning "WAQTD NAME..." - rest of line ignored.
SQL> SELECT ENAME
  2  FROM EMP
  3  WHERE SAL <WAQTD NAME OF THE EMPLOYEE EARNING 3RD MAXIMUM SALARY
  4  
SQL> 
SQL> SELECT ENAME
  2  FROM EMP
  3  WHERE SAL < (SELECT MAX(SAL) FROM EMP WHERE SAL <  (SELECT MAX(SAL) FROM EMP WHERE SAL <
  4   (SELECT MAX(SAL) FROM EMP )));

ENAME                                                                                                                                                                                                                                                                                                                                                                                                                                                                                                                                                                                                                                                                                                                                                                                                                                                                                                                                                                                                                                   
----------                                                                                                                                                                                                                                                                                                                                                                                                                                                                                                                                                                                                                                                                                                                                                                                                                                                                                                                                                                                                                              
SMITH                                                                                                                                                                                                                                                                                                                                                                                                                                                                                                                                                                                                                                                                                                                                                                                                                                                                                                                                                                                                                                   
ALLEN                                                                                                                                                                                                                                                                                                                                                                                                                                                                                                                                                                                                                                                                                                                                                                                                                                                                                                                                                                                                                                   
WARD                                                                                                                                                                                                                                                                                                                                                                                                                                                                                                                                                                                                                                                                                                                                                                                                                                                                                                                                                                                                                                    
MARTIN                                                                                                                                                                                                                                                                                                                                                                                                                                                                                                                                                                                                                                                                                                                                                                                                                                                                                                                                                                                                                                  
BLAKE                                                                                                                                                                                                                                                                                                                                                                                                                                                                                                                                                                                                                                                                                                                                                                                                                                                                                                                                                                                                                                   
CLARK                                                                                                                                                                                                                                                                                                                                                                                                                                                                                                                                                                                                                                                                                                                                                                                                                                                                                                                                                                                                                                   
TURNER                                                                                                                                                                                                                                                                                                                                                                                                                                                                                                                                                                                                                                                                                                                                                                                                                                                                                                                                                                                                                                  
ADAMS                                                                                                                                                                                                                                                                                                                                                                                                                                                                                                                                                                                                                                                                                                                                                                                                                                                                                                                                                                                                                                   
JAMES                                                                                                                                                                                                                                                                                                                                                                                                                                                                                                                                                                                                                                                                                                                                                                                                                                                                                                                                                                                                                                   
MILLER                                                                                                                                                                                                                                                                                                                                                                                                                                                                                                                                                                                                                                                                                                                                                                                                                                                                                                                                                                                                                                  

10 rows selected.

SQL> ED
Wrote file afiedt.buf

  1  SELECT ENAME
  2  FROM EMP
  3  WHERE SAL =(SELECT MAX(SAL) FROM EMP WHERE SAL <  (SELECT MAX(SAL) FROM EMP WHERE SAL <
  4*  (SELECT MAX(SAL) FROM EMP )))
SQL> /

ENAME                                                                                                                                                                                                                                                                                                                                                                                                                                                                                                                                                                                                                                                                                                                                                                                                                                                                                                                                                                                                                                   
----------                                                                                                                                                                                                                                                                                                                                                                                                                                                                                                                                                                                                                                                                                                                                                                                                                                                                                                                                                                                                                              
JONES                                                                                                                                                                                                                                                                                                                                                                                                                                                                                                                                                                                                                                                                                                                                                                                                                                                                                                                                                                                                                                   

SQL> WAQTD EMPNO OF THE EMPLOYEE EARNING 2D MAXIMUM SALARY
SP2-0734: unknown command beginning "WAQTD EMPN..." - rest of line ignored.
SQL> SELECT EMPNO
  2  FROM EMP
  3  WHERE SAL= (SELECT MAX(SAL) FROM EMP WHERE SAL <  (SELECT MAX(SAL) FROM EMP));

     EMPNO                                                                                                                                                                                                                                                                                                                                                                                                                                                                                                                                                                                                                                                                                                                                                                                                                                                                                                                                                                                                                              
----------                                                                                                                                                                                                                                                                                                                                                                                                                                                                                                                                                                                                                                                                                                                                                                                                                                                                                                                                                                                                                              
      7788                                                                                                                                                                                                                                                                                                                                                                                                                                                                                                                                                                                                                                                                                                                                                                                                                                                                                                                                                                                                                              
      7902                                                                                                                                                                                                                                                                                                                                                                                                                                                                                                                                                                                                                                                                                                                                                                                                                                                                                                                                                                                                                              

SQL> SELECT DNAME
  2  FROM DEPT
  3  WHERE DEPTNO IN (SELECT DEPTNO
  4                   FROM EMP
  5                   WHERE SAL = (SELECT MAX(SAL) FROM EMP WHERE SAL <  (SELECT MAX(SAL) FROM EMP WHERE SAL <  (SELECT MAX(SAL) FROM EMP WHERE SAL <  (SELECT MAX(SAL) FROM EMP)))));

DNAME                                                                                                                                                                                                                                                                                                                                                                                                                                                                                                                                                                                                                                                                                                                                                                                                                                                                                                                                                                                                                                   
--------------                                                                                                                                                                                                                                                                                                                                                                                                                                                                                                                                                                                                                                                                                                                                                                                                                                                                                                                                                                                                                          
SALES                                                                                                                                                                                                                                                                                                                                                                                                                                                                                                                                                                                                                                                                                                                                                                                                                                                                                                                                                                                                                                   

SQL> WAQTD DETAILS OF THE EMPLOYEE WHO WAS HIRED 2nd
SP2-0734: unknown command beginning "WAQTD DETA..." - rest of line ignored.
SQL> SELECT *
  2  FROM EMP
  3  WHERE HIREDATE =(SELECT MIN(HIREDATE) FROM EMP WHERE HIREDATE > (SELECT MIN(HIREDATE) FROM EMP));

     EMPNO ENAME      JOB              MGR HIREDATE         SAL       COMM     DEPTNO                                                                                                                                                                                                                                                                                                                                                                                                                                                                                                                                                                                                                                                                                                                                                                                                                                                                                                                                                   
---------- ---------- --------- ---------- --------- ---------- ---------- ----------                                                                                                                                                                                                                                                                                                                                                                                                                                                                                                                                                                                                                                                                                                                                                                                                                                                                                                                                                   
      7499 ALLEN      SALESMAN        7698 20-FEB-81       1600        300         30                                                                                                                                                                                                                                                                                                                                                                                                                                                                                                                                                                                                                                                                                                                                                                                                                                                                                                                                                   

SQL> WAQTD NAME OF THE EMPLOYEE HIRED BEFORE THE LAST EMPLOYEE
SP2-0734: unknown command beginning "WAQTD NAME..." - rest of line ignored.
SQL> SELECT ENAME
  2  FROM EMP
  3  WHERE HIREDATE <(SELECT MAX(HIREDATE) FROM EMP);

ENAME                                                                                                                                                                                                                                                                                                                                                                                                                                                                                                                                                                                                                                                                                                                                                                                                                                                                                                                                                                                                                                   
----------                                                                                                                                                                                                                                                                                                                                                                                                                                                                                                                                                                                                                                                                                                                                                                                                                                                                                                                                                                                                                              
SMITH                                                                                                                                                                                                                                                                                                                                                                                                                                                                                                                                                                                                                                                                                                                                                                                                                                                                                                                                                                                                                                   
ALLEN                                                                                                                                                                                                                                                                                                                                                                                                                                                                                                                                                                                                                                                                                                                                                                                                                                                                                                                                                                                                                                   
WARD                                                                                                                                                                                                                                                                                                                                                                                                                                                                                                                                                                                                                                                                                                                                                                                                                                                                                                                                                                                                                                    
JONES                                                                                                                                                                                                                                                                                                                                                                                                                                                                                                                                                                                                                                                                                                                                                                                                                                                                                                                                                                                                                                   
MARTIN                                                                                                                                                                                                                                                                                                                                                                                                                                                                                                                                                                                                                                                                                                                                                                                                                                                                                                                                                                                                                                  
BLAKE                                                                                                                                                                                                                                                                                                                                                                                                                                                                                                                                                                                                                                                                                                                                                                                                                                                                                                                                                                                                                                   
CLARK                                                                                                                                                                                                                                                                                                                                                                                                                                                                                                                                                                                                                                                                                                                                                                                                                                                                                                                                                                                                                                   
SCOTT                                                                                                                                                                                                                                                                                                                                                                                                                                                                                                                                                                                                                                                                                                                                                                                                                                                                                                                                                                                                                                   
KING                                                                                                                                                                                                                                                                                                                                                                                                                                                                                                                                                                                                                                                                                                                                                                                                                                                                                                                                                                                                                                    
TURNER                                                                                                                                                                                                                                                                                                                                                                                                                                                                                                                                                                                                                                                                                                                                                                                                                                                                                                                                                                                                                                  
JAMES                                                                                                                                                                                                                                                                                                                                                                                                                                                                                                                                                                                                                                                                                                                                                                                                                                                                                                                                                                                                                                   
FORD                                                                                                                                                                                                                                                                                                                                                                                                                                                                                                                                                                                                                                                                                                                                                                                                                                                                                                                                                                                                                                    
MILLER                                                                                                                                                                                                                                                                                                                                                                                                                                                                                                                                                                                                                                                                                                                                                                                                                                                                                                                                                                                                                                  

13 rows selected.

SQL> WAQTD LOC OF THE EMPLOYEE WHO WAS HIRED FIRST
SP2-0734: unknown command beginning "WAQTD LOC ..." - rest of line ignored.
SQL> SELECT LOC
  2  FROM DEPT
  3  WHERE DEPTNO IN (SELECT DEPTNO
  4                   FROM EMP
  5                   WHERE HIREDATE=(SELECT MIN(HIREDATE) FROM EMP));

LOC                                                                                                                                                                                                                                                                                                                                                                                                                                                                                                                                                                                                                                                                                                                                                                                                                                                                                                                                                                                                                                     
-------------                                                                                                                                                                                                                                                                                                                                                                                                                                                                                                                                                                                                                                                                                                                                                                                                                                                                                                                                                                                                                           
DALLAS                                                                                                                                                                                                                                                                                                                                                                                                                                                                                                                                                                                                                                                                                                                                                                                                                                                                                                                                                                                                                                  

SQL> WAQTD DETAILS OF THE EMPLOYEE EARNING 7TH MINIMUM SALARY
SP2-0734: unknown command beginning "WAQTD DETA..." - rest of line ignored.
SQL> SELECT *
  2  FROM EMP
  3  WHERE SAL=  (SELECT MAX(SAL) FROM EMP WHERE SAL <  (SELECT MAX(SAL) FROM EMP WHERE SAL < (SELECT MAX(SAL) FROM EMP WHERE SAL < (SELECT MAX(SAL) FROM EMP WHERE SAL < (SELECT MAX(SAL) FROM EMP WHERE SAL < (SELECT MAX(SAL) FROM EMP WHERE SAL < (SELECT MAX(SAL) FROM EMP )))))));

     EMPNO ENAME      JOB              MGR HIREDATE         SAL       COMM     DEPTNO                                                                                                                                                                                                                                                                                                                                                                                                                                                                                                                                                                                                                                                                                                                                                                                                                                                                                                                                                   
---------- ---------- --------- ---------- --------- ---------- ---------- ----------                                                                                                                                                                                                                                                                                                                                                                                                                                                                                                                                                                                                                                                                                                                                                                                                                                                                                                                                                   
      7844 TURNER     SALESMAN        7698 08-SEP-81       1500          0         30                                                                                                                                                                                                                                                                                                                                                                                                                                                                                                                                                                                                                                                                                                                                                                                                                                                                                                                                                   

SQL> WAQTD DNAME OF EMPLOYEE GETTING 2ND MAXIMUM SALARY
SP2-0734: unknown command beginning "WAQTD DNAM..." - rest of line ignored.
SQL> SELECT DNAME
  2  FROM EMP
  3  WHERE SAL= (SELECT MAX(SAL) FROM EMP WHERE SAL< (SELECT MAX(SAL) FROM EMP));
SELECT DNAME
       *
ERROR at line 1:
ORA-00904: "DNAME": invalid identifier 


SQL> ED
Wrote file afiedt.buf

  1  SELECT DNAME
  2  FROM DEPT
  3  WHERE DEPTNO IN (SELECT DEPTNO
  4                  FROM EMP 
  5*                 WHERE SAL= (SELECT MAX(SAL) FROM EMP WHERE SAL< (SELECT MAX(SAL) FROM EMP)))
SQL> /

DNAME                                                                                                                                                                                                                                                                                                                                                                                                                                                                                                                                                                                                                                                                                                                                                                                                                                                                                                                                                                                                                                   
--------------                                                                                                                                                                                                                                                                                                                                                                                                                                                                                                                                                                                                                                                                                                                                                                                                                                                                                                                                                                                                                          
RESEARCH                                                                                                                                                                                                                                                                                                                                                                                                                                                                                                                                                                                                                                                                                                                                                                                                                                                                                                                                                                                                                                

SQL> SPOOL OFF
