SQL> 
SQL> 
SQL> 
SQL> 
SQL> 
SQL> 
SQL> 
SQL> 
SQL> 
SQL> 
SQL> 
SQL> 
SQL> 
SQL> 
SQL> 
SQL> 
SQL> 
SQL> 
SQL> 
SQL> 
SQL> 
SQL> 
SQL> 
SQL> 
SQL> 
SQL> 
SQL> 
SQL> 
SQL> 
SQL> 
SQL> CL SCR
SQL> ASSIGNMENT ON CASE 2 :
SP2-0734: unknown command beginning "ASSIGNMENT..." - rest of line ignored.
SQL> 
SQL> WAQTD DNAME OF THE EMPLOYEES WHOS NAME IS SMITH
SP2-0734: unknown command beginning "WAQTD DNAM..." - rest of line ignored.
SQL> SELECT DNAME
  2  FROM EMP
  3  WHERE DEPTNO=(SELECT DEPTNO
  4                FROM EMP
  5                WHERE ENAME='SMITH');
SELECT DNAME
       *
ERROR at line 1:
ORA-00904: "DNAME": invalid identifier 


SQL> ED
Wrote file afiedt.buf

  1  SELECT DNAME
  2  FROM DEPT
  3  WHERE DEPTNO=(SELECT DEPTNO
  4                FROM EMP
  5*               WHERE ENAME='SMITH')
SQL> /

DNAME                                                                                                                                                                                                                                                                                                                                                                                                                                                                                                                                                                                                                                                                                                                                                                                                                                                                                                                                                                                                                                   
--------------                                                                                                                                                                                                                                                                                                                                                                                                                                                                                                                                                                                                                                                                                                                                                                                                                                                                                                                                                                                                                          
RESEARCH                                                                                                                                                                                                                                                                                                                                                                                                                                                                                                                                                                                                                                                                                                                                                                                                                                                                                                                                                                                                                                

SQL> WAQTD DNAME AND LOC OF THE EMPLOYEE WHOS ENAME IS KING
SP2-0734: unknown command beginning "WAQTD DNAM..." - rest of line ignored.
SQL> SELECT DNAME, LOC
  2  FROM DEPT
  3  WHERE DEPTNO=(SELECT DEPTNO
  4                FROM EMP
  5                WHERE ENAME='KING');

DNAME          LOC                                                                                                                                                                                                                                                                                                                                                                                                                                                                                                                                                                                                                                                                                                                                                                                                                                                                                                                                                                                                                      
-------------- -------------                                                                                                                                                                                                                                                                                                                                                                                                                                                                                                                                                                                                                                                                                                                                                                                                                                                                                                                                                                                                            
ACCOUNTING     NEW YORK                                                                                                                                                                                                                                                                                                                                                                                                                                                                                                                                                                                                                                                                                                                                                                                                                                                                                                                                                                                                                 

SQL> WAQTD LOC OF THE EMP WHOS EMPLOYEE NUMBER IS
SP2-0734: unknown command beginning "WAQTD LOC ..." - rest of line ignored.
SQL> 902
SP2-0226: Invalid line number 
SQL> SELECT LOC
  2  FROM DEPT
  3  WHERE DEPTNO=(SELECT DEPTNO
  4                FROM EMP
  5                WHERE EMPNO=7902);

LOC                                                                                                                                                                                                                                                                                                                                                                                                                                                                                                                                                                                                                                                                                                                                                                                                                                                                                                                                                                                                                                     
-------------                                                                                                                                                                                                                                                                                                                                                                                                                                                                                                                                                                                                                                                                                                                                                                                                                                                                                                                                                                                                                           
DALLAS                                                                                                                                                                                                                                                                                                                                                                                                                                                                                                                                                                                                                                                                                                                                                                                                                                                                                                                                                                                                                                  

SQL> WAQTD DNAME OF THE EMPLOYEE WHOS DESIGNATION IS PRESIDENT
SP2-0734: unknown command beginning "WAQTD DNAM..." - rest of line ignored.
SQL> SELECT DNAME
  2  FROM DEPTNO
  3  WHERE DEPTNO=(SELECT DEPTNO
  4                FROM EMP
  5                WHERE JOB='PRESIDENT');
FROM DEPTNO
     *
ERROR at line 2:
ORA-00942: table or view does not exist 


SQL> ED
Wrote file afiedt.buf

  1  SELECT DNAME
  2  FROM DEPT
  3  WHERE DEPTNO=(SELECT DEPTNO
  4                FROM EMP
  5*               WHERE JOB='PRESIDENT')
SQL> /

DNAME                                                                                                                                                                                                                                                                                                                                                                                                                                                                                                                                                                                                                                                                                                                                                                                                                                                                                                                                                                                                                                   
--------------                                                                                                                                                                                                                                                                                                                                                                                                                                                                                                                                                                                                                                                                                                                                                                                                                                                                                                                                                                                                                          
ACCOUNTING                                                                                                                                                                                                                                                                                                                                                                                                                                                                                                                                                                                                                                                                                                                                                                                                                                                                                                                                                                                                                              

SQL> WAQTD NAMES OF THE EMPLOYEES WORKING IN ACCOUNTING DEPARTMENT
SP2-0734: unknown command beginning "WAQTD NAME..." - rest of line ignored.
SQL> SELECT ENAME
  2  FROM EMP
  3  WHERE DEPTNO=(SELECT DEPTNO
  4                FROM DEPT
  5                WHERE DNAME='ACCOUNTING');

ENAME                                                                                                                                                                                                                                                                                                                                                                                                                                                                                                                                                                                                                                                                                                                                                                                                                                                                                                                                                                                                                                   
----------                                                                                                                                                                                                                                                                                                                                                                                                                                                                                                                                                                                                                                                                                                                                                                                                                                                                                                                                                                                                                              
CLARK                                                                                                                                                                                                                                                                                                                                                                                                                                                                                                                                                                                                                                                                                                                                                                                                                                                                                                                                                                                                                                   
KING                                                                                                                                                                                                                                                                                                                                                                                                                                                                                                                                                                                                                                                                                                                                                                                                                                                                                                                                                                                                                                    
MILLER                                                                                                                                                                                                                                                                                                                                                                                                                                                                                                                                                                                                                                                                                                                                                                                                                                                                                                                                                                                                                                  

SQL> WAQTD ENAME AND SALARIES OF THE EMPLOYEES WHO ARE WORKING IN THE LOCATION CHICAGO
SP2-0734: unknown command beginning "WAQTD ENAM..." - rest of line ignored.
SQL> SELECT ENAME, SAL
  2  FROM EMP
  3  WHERE DEPTNO=(SELECT DEPTNO
  4                FROM DEPT
  5                WHERE LOC='CHICAGO');

ENAME             SAL                                                                                                                                                                                                                                                                                                                                                                                                                                                                                                                                                                                                                                                                                                                                                                                                                                                                                                                                                                                                                   
---------- ----------                                                                                                                                                                                                                                                                                                                                                                                                                                                                                                                                                                                                                                                                                                                                                                                                                                                                                                                                                                                                                   
ALLEN            1600                                                                                                                                                                                                                                                                                                                                                                                                                                                                                                                                                                                                                                                                                                                                                                                                                                                                                                                                                                                                                   
WARD             1250                                                                                                                                                                                                                                                                                                                                                                                                                                                                                                                                                                                                                                                                                                                                                                                                                                                                                                                                                                                                                   
MARTIN           1250                                                                                                                                                                                                                                                                                                                                                                                                                                                                                                                                                                                                                                                                                                                                                                                                                                                                                                                                                                                                                   
BLAKE            2850                                                                                                                                                                                                                                                                                                                                                                                                                                                                                                                                                                                                                                                                                                                                                                                                                                                                                                                                                                                                                   
TURNER           1500                                                                                                                                                                                                                                                                                                                                                                                                                                                                                                                                                                                                                                                                                                                                                                                                                                                                                                                                                                                                                   
JAMES             950                                                                                                                                                                                                                                                                                                                                                                                                                                                                                                                                                                                                                                                                                                                                                                                                                                                                                                                                                                                                                   

6 rows selected.

SQL> WAQTD DETAILS OF THE EMPLOYEES
SP2-0734: unknown command beginning "WAQTD DETA..." - rest of line ignored.
SQL>           WORKING IN SALES
SP2-0734: unknown command beginning "WORKING IN..." - rest of line ignored.
SQL> SELECT *
  2  FROM EMP
  3  WHERE DEPTNO=(SELECT DEPTNO
  4                FROM DEPT
  5                WHERE DNAME='SALES');

     EMPNO ENAME      JOB              MGR HIREDATE         SAL       COMM     DEPTNO                                                                                                                                                                                                                                                                                                                                                                                                                                                                                                                                                                                                                                                                                                                                                                                                                                                                                                                                                   
---------- ---------- --------- ---------- --------- ---------- ---------- ----------                                                                                                                                                                                                                                                                                                                                                                                                                                                                                                                                                                                                                                                                                                                                                                                                                                                                                                                                                   
      7499 ALLEN      SALESMAN        7698 20-FEB-81       1600        300         30                                                                                                                                                                                                                                                                                                                                                                                                                                                                                                                                                                                                                                                                                                                                                                                                                                                                                                                                                   
      7521 WARD       SALESMAN        7698 22-FEB-81       1250        500         30                                                                                                                                                                                                                                                                                                                                                                                                                                                                                                                                                                                                                                                                                                                                                                                                                                                                                                                                                   
      7654 MARTIN     SALESMAN        7698 28-SEP-81       1250       1400         30                                                                                                                                                                                                                                                                                                                                                                                                                                                                                                                                                                                                                                                                                                                                                                                                                                                                                                                                                   
      7698 BLAKE      MANAGER         7839 01-MAY-81       2850                    30                                                                                                                                                                                                                                                                                                                                                                                                                                                                                                                                                                                                                                                                                                                                                                                                                                                                                                                                                   
      7844 TURNER     SALESMAN        7698 08-SEP-81       1500          0         30                                                                                                                                                                                                                                                                                                                                                                                                                                                                                                                                                                                                                                                                                                                                                                                                                                                                                                                                                   
      7900 JAMES      CLERK           7698 03-DEC-81        950                    30                                                                                                                                                                                                                                                                                                                                                                                                                                                                                                                                                                                                                                                                                                                                                                                                                                                                                                                                                   

6 rows selected.

SQL> WAQTD DETAILS OF THE EMP ALONG WITH ANNUAL SALARY IF EMPLOYEES ARE WORKING IN NEW YORK
SP2-0734: unknown command beginning "WAQTD DETA..." - rest of line ignored.
SQL> SELECT *
  2  FROM EMP
  3  WHERE DEPTNO=(SELECT DEPTNO
  4                FROM DEPT
  5                WHERE LOC='NEW YORK');

     EMPNO ENAME      JOB              MGR HIREDATE         SAL       COMM     DEPTNO                                                                                                                                                                                                                                                                                                                                                                                                                                                                                                                                                                                                                                                                                                                                                                                                                                                                                                                                                   
---------- ---------- --------- ---------- --------- ---------- ---------- ----------                                                                                                                                                                                                                                                                                                                                                                                                                                                                                                                                                                                                                                                                                                                                                                                                                                                                                                                                                   
      7782 CLARK      MANAGER         7839 09-JUN-81       2450                    10                                                                                                                                                                                                                                                                                                                                                                                                                                                                                                                                                                                                                                                                                                                                                                                                                                                                                                                                                   
      7839 KING       PRESIDENT            17-NOV-81       5000                    10                                                                                                                                                                                                                                                                                                                                                                                                                                                                                                                                                                                                                                                                                                                                                                                                                                                                                                                                                   
      7934 MILLER     CLERK           7782 23-JAN-82       1300                    10                                                                                                                                                                                                                                                                                                                                                                                                                                                                                                                                                                                                                                                                                                                                                                                                                                                                                                                                                   

SQL> ED
Wrote file afiedt.buf

  1  SELECT EMP.*, SAL*12 ANN_SAL
  2  FROM EMP
  3  WHERE DEPTNO=(SELECT DEPTNO
  4                FROM DEPT
  5*               WHERE LOC='NEW YORK')
SQL> /

     EMPNO ENAME      JOB              MGR HIREDATE         SAL       COMM     DEPTNO    ANN_SAL                                                                                                                                                                                                                                                                                                                                                                                                                                                                                                                                                                                                                                                                                                                                                                                                                                                                                                                                        
---------- ---------- --------- ---------- --------- ---------- ---------- ---------- ----------                                                                                                                                                                                                                                                                                                                                                                                                                                                                                                                                                                                                                                                                                                                                                                                                                                                                                                                                        
      7782 CLARK      MANAGER         7839 09-JUN-81       2450                    10      29400                                                                                                                                                                                                                                                                                                                                                                                                                                                                                                                                                                                                                                                                                                                                                                                                                                                                                                                                        
      7839 KING       PRESIDENT            17-NOV-81       5000                    10      60000                                                                                                                                                                                                                                                                                                                                                                                                                                                                                                                                                                                                                                                                                                                                                                                                                                                                                                                                        
      7934 MILLER     CLERK           7782 23-JAN-82       1300                    10      15600                                                                                                                                                                                                                                                                                                                                                                                                                                                                                                                                                                                                                                                                                                                                                                                                                                                                                                                                        

SQL> WAQTD NAMES OF EMPLOYEES WORKING IN OPERATIONS DEPARTMENT
SP2-0734: unknown command beginning "WAQTD NAME..." - rest of line ignored.
SQL> SELECT ENAME
  2  FROM EMP
  3  WHERE DEPTNO=(SELECT DEPTNO
  4                FROM DEPT
  5                WHERE DNAME='OPERATION');

no rows selected

SQL> SPOOL OFF
