SQL> WAQTD NAME OF THE EMPLOYEES EARNING MORE THAN ADAMS
SP2-0734: unknown command beginning "WAQTD NAME..." - rest of line ignored.
SQL> SELECT ENAME
  2  FROM EMP
  3  WHERE SAL > (SELECT SAL
  4              FROM EMP
  5              WHERE ENAME='ADAMS');

ENAME                                                                                                                                                                                                                                                                                                                                                                                                                                                                                                                                                                                                                                                                                                                                                                                                                                                                                                                                                                                                                                   
----------                                                                                                                                                                                                                                                                                                                                                                                                                                                                                                                                                                                                                                                                                                                                                                                                                                                                                                                                                                                                                              
ALLEN                                                                                                                                                                                                                                                                                                                                                                                                                                                                                                                                                                                                                                                                                                                                                                                                                                                                                                                                                                                                                                   
WARD                                                                                                                                                                                                                                                                                                                                                                                                                                                                                                                                                                                                                                                                                                                                                                                                                                                                                                                                                                                                                                    
JONES                                                                                                                                                                                                                                                                                                                                                                                                                                                                                                                                                                                                                                                                                                                                                                                                                                                                                                                                                                                                                                   
MARTIN                                                                                                                                                                                                                                                                                                                                                                                                                                                                                                                                                                                                                                                                                                                                                                                                                                                                                                                                                                                                                                  
BLAKE                                                                                                                                                                                                                                                                                                                                                                                                                                                                                                                                                                                                                                                                                                                                                                                                                                                                                                                                                                                                                                   
CLARK                                                                                                                                                                                                                                                                                                                                                                                                                                                                                                                                                                                                                                                                                                                                                                                                                                                                                                                                                                                                                                   
SCOTT                                                                                                                                                                                                                                                                                                                                                                                                                                                                                                                                                                                                                                                                                                                                                                                                                                                                                                                                                                                                                                   
KING                                                                                                                                                                                                                                                                                                                                                                                                                                                                                                                                                                                                                                                                                                                                                                                                                                                                                                                                                                                                                                    
TURNER                                                                                                                                                                                                                                                                                                                                                                                                                                                                                                                                                                                                                                                                                                                                                                                                                                                                                                                                                                                                                                  
FORD                                                                                                                                                                                                                                                                                                                                                                                                                                                                                                                                                                                                                                                                                                                                                                                                                                                                                                                                                                                                                                    
MILLER                                                                                                                                                                                                                                                                                                                                                                                                                                                                                                                                                                                                                                                                                                                                                                                                                                                                                                                                                                                                                                  

11 rows selected.

SQL> WAQTD NAME AND SALARY OF THE EMPLOYEES EARNING LESS THAN KING
SP2-0734: unknown command beginning "WAQTD NAME..." - rest of line ignored.
SQL> SELECT ENAME, JOB
  2  FROM EMP
  3  WHERE SAL<(SELECT SAL
  4             FROM EMP
  5             WHERE ENAME='KING');

ENAME      JOB                                                                                                                                                                                                                                                                                                                                                                                                                                                                                                                                                                                                                                                                                                                                                                                                                                                                                                                                                                                                                          
---------- ---------                                                                                                                                                                                                                                                                                                                                                                                                                                                                                                                                                                                                                                                                                                                                                                                                                                                                                                                                                                                                                    
SMITH      CLERK                                                                                                                                                                                                                                                                                                                                                                                                                                                                                                                                                                                                                                                                                                                                                                                                                                                                                                                                                                                                                        
ALLEN      SALESMAN                                                                                                                                                                                                                                                                                                                                                                                                                                                                                                                                                                                                                                                                                                                                                                                                                                                                                                                                                                                                                     
WARD       SALESMAN                                                                                                                                                                                                                                                                                                                                                                                                                                                                                                                                                                                                                                                                                                                                                                                                                                                                                                                                                                                                                     
JONES      MANAGER                                                                                                                                                                                                                                                                                                                                                                                                                                                                                                                                                                                                                                                                                                                                                                                                                                                                                                                                                                                                                      
MARTIN     SALESMAN                                                                                                                                                                                                                                                                                                                                                                                                                                                                                                                                                                                                                                                                                                                                                                                                                                                                                                                                                                                                                     
BLAKE      MANAGER                                                                                                                                                                                                                                                                                                                                                                                                                                                                                                                                                                                                                                                                                                                                                                                                                                                                                                                                                                                                                      
CLARK      MANAGER                                                                                                                                                                                                                                                                                                                                                                                                                                                                                                                                                                                                                                                                                                                                                                                                                                                                                                                                                                                                                      
SCOTT      ANALYST                                                                                                                                                                                                                                                                                                                                                                                                                                                                                                                                                                                                                                                                                                                                                                                                                                                                                                                                                                                                                      
TURNER     SALESMAN                                                                                                                                                                                                                                                                                                                                                                                                                                                                                                                                                                                                                                                                                                                                                                                                                                                                                                                                                                                                                     
ADAMS      CLERK                                                                                                                                                                                                                                                                                                                                                                                                                                                                                                                                                                                                                                                                                                                                                                                                                                                                                                                                                                                                                        
JAMES      CLERK                                                                                                                                                                                                                                                                                                                                                                                                                                                                                                                                                                                                                                                                                                                                                                                                                                                                                                                                                                                                                        
FORD       ANALYST                                                                                                                                                                                                                                                                                                                                                                                                                                                                                                                                                                                                                                                                                                                                                                                                                                                                                                                                                                                                                      
MILLER     CLERK                                                                                                                                                                                                                                                                                                                                                                                                                                                                                                                                                                                                                                                                                                                                                                                                                                                                                                                                                                                                                        

13 rows selected.

SQL> WAQTD NAME AND DEPTNO OF THE EMPLOYEES IF THEY ARE WORKING IN THE SAME DEPT AS JONES
SP2-0734: unknown command beginning "WAQTD NAME..." - rest of line ignored.
SQL> SELECT ENAME,DEPTNO
  2  FROM EMP
  3   WHERE DEPTNO =(SELECT DEPTNO
  4                  FROM EMP
  5                   WHERE ENAME='JONES');

ENAME          DEPTNO                                                                                                                                                                                                                                                                                                                                                                                                                                                                                                                                                                                                                                                                                                                                                                                                                                                                                                                                                                                                                   
---------- ----------                                                                                                                                                                                                                                                                                                                                                                                                                                                                                                                                                                                                                                                                                                                                                                                                                                                                                                                                                                                                                   
SMITH              20                                                                                                                                                                                                                                                                                                                                                                                                                                                                                                                                                                                                                                                                                                                                                                                                                                                                                                                                                                                                                   
JONES              20                                                                                                                                                                                                                                                                                                                                                                                                                                                                                                                                                                                                                                                                                                                                                                                                                                                                                                                                                                                                                   
SCOTT              20                                                                                                                                                                                                                                                                                                                                                                                                                                                                                                                                                                                                                                                                                                                                                                                                                                                                                                                                                                                                                   
ADAMS              20                                                                                                                                                                                                                                                                                                                                                                                                                                                                                                                                                                                                                                                                                                                                                                                                                                                                                                                                                                                                                   
FORD               20                                                                                                                                                                                                                                                                                                                                                                                                                                                                                                                                                                                                                                                                                                                                                                                                                                                                                                                                                                                                                   

SQL> WAQTD NAME AND JOB OF ALL THE EMPLOYEES WORKING IN THE SAME DESIGNATION AS JAMES
SP2-0734: unknown command beginning "WAQTD NAME..." - rest of line ignored.
SQL> SELECT ENAME, JOB
  2  FROM EMP
  3  WHERE JOB=(SELECT JOB
  4             FROM EMP
  5             WHERE ENAME='JAMES');

ENAME      JOB                                                                                                                                                                                                                                                                                                                                                                                                                                                                                                                                                                                                                                                                                                                                                                                                                                                                                                                                                                                                                          
---------- ---------                                                                                                                                                                                                                                                                                                                                                                                                                                                                                                                                                                                                                                                                                                                                                                                                                                                                                                                                                                                                                    
SMITH      CLERK                                                                                                                                                                                                                                                                                                                                                                                                                                                                                                                                                                                                                                                                                                                                                                                                                                                                                                                                                                                                                        
ADAMS      CLERK                                                                                                                                                                                                                                                                                                                                                                                                                                                                                                                                                                                                                                                                                                                                                                                                                                                                                                                                                                                                                        
JAMES      CLERK                                                                                                                                                                                                                                                                                                                                                                                                                                                                                                                                                                                                                                                                                                                                                                                                                                                                                                                                                                                                                        
MILLER     CLERK                                                                                                                                                                                                                                                                                                                                                                                                                                                                                                                                                                                                                                                                                                                                                                                                                                                                                                                                                                                                                        

SQL> WAQTD EMPNO AND ENAME ALONG WITH ANNUAL SALARY OF ALL THEEMPLOYEES IF THEIR ANNUAL SALARY IS GREATER THAN WARDS ANNUAL SALARY.
SP2-0734: unknown command beginning "WAQTD EMPN..." - rest of line ignored.
SQL> ) > ) >   P 
SP2-0734: unknown command beginning ") > ) >   ..." - rest of line ignored.
SQL> l  l 
SP2-0042: unknown command "l  l " - rest of line ignored.
SQL> l 
SP2-0042: unknown command "l " - rest of line ignored.
SP2-0044: For a list of known commands enter HELP
and to leave enter EXIT.
SQL> SELECT EMPNO, ENAME, SAL*12 ANN_SAL
  2  FROM EMP
  3  WHERE SAL*12>(SELECT SAL*12
  4                FROM EMP
  5                WHERE ENAME='WARD');

     EMPNO ENAME         ANN_SAL                                                                                                                                                                                                                                                                                                                                                                                                                                                                                                                                                                                                                                                                                                                                                                                                                                                                                                                                                                                                        
---------- ---------- ----------                                                                                                                                                                                                                                                                                                                                                                                                                                                                                                                                                                                                                                                                                                                                                                                                                                                                                                                                                                                                        
      7499 ALLEN           19200                                                                                                                                                                                                                                                                                                                                                                                                                                                                                                                                                                                                                                                                                                                                                                                                                                                                                                                                                                                                        
      7566 JONES           35700                                                                                                                                                                                                                                                                                                                                                                                                                                                                                                                                                                                                                                                                                                                                                                                                                                                                                                                                                                                                        
      7698 BLAKE           34200                                                                                                                                                                                                                                                                                                                                                                                                                                                                                                                                                                                                                                                                                                                                                                                                                                                                                                                                                                                                        
      7782 CLARK           29400                                                                                                                                                                                                                                                                                                                                                                                                                                                                                                                                                                                                                                                                                                                                                                                                                                                                                                                                                                                                        
      7788 SCOTT           36000                                                                                                                                                                                                                                                                                                                                                                                                                                                                                                                                                                                                                                                                                                                                                                                                                                                                                                                                                                                                        
      7839 KING            60000                                                                                                                                                                                                                                                                                                                                                                                                                                                                                                                                                                                                                                                                                                                                                                                                                                                                                                                                                                                                        
      7844 TURNER          18000                                                                                                                                                                                                                                                                                                                                                                                                                                                                                                                                                                                                                                                                                                                                                                                                                                                                                                                                                                                                        
      7902 FORD            36000                                                                                                                                                                                                                                                                                                                                                                                                                                                                                                                                                                                                                                                                                                                                                                                                                                                                                                                                                                                                        
      7934 MILLER          15600                                                                                                                                                                                                                                                                                                                                                                                                                                                                                                                                                                                                                                                                                                                                                                                                                                                                                                                                                                                                        

9 rows selected.

SQL> (SELECT SAL*12
  2   FROM EMP
  3   WHERE ENAME='WARD';
 WHERE ENAME='WARD'
                  *
ERROR at line 3:
ORA-00907: missing right parenthesis 


SQL> SELECT SAL*12
  2  FROM EMP
  3  WHERE ENAME='WARD';

    SAL*12                                                                                                                                                                                                                                                                                                                                                                                                                                                                                                                                                                                                                                                                                                                                                                                                                                                                                                                                                                                                                              
----------                                                                                                                                                                                                                                                                                                                                                                                                                                                                                                                                                                                                                                                                                                                                                                                                                                                                                                                                                                                                                              
     15000                                                                                                                                                                                                                                                                                                                                                                                                                                                                                                                                                                                                                                                                                                                                                                                                                                                                                                                                                                                                                              

SQL> WAQTD NAME AND HIREDATE OF THE EMPLOYEES IF THEY ARE HIRED BEFORE SCOTT
SP2-0734: unknown command beginning "WAQTD NAME..." - rest of line ignored.
SQL> SELECT ENAME,HIREDATE
  2  FROM EMP
  3  WHERE HIREDATE<(SELECT HIREDATE
  4                  FROM EMP
  5                  WHERE ENAME='SCOTT');

ENAME      HIREDATE                                                                                                                                                                                                                                                                                                                                                                                                                                                                                                                                                                                                                                                                                                                                                                                                                                                                                                                                                                                                                     
---------- ---------                                                                                                                                                                                                                                                                                                                                                                                                                                                                                                                                                                                                                                                                                                                                                                                                                                                                                                                                                                                                                    
SMITH      17-DEC-80                                                                                                                                                                                                                                                                                                                                                                                                                                                                                                                                                                                                                                                                                                                                                                                                                                                                                                                                                                                                                    
ALLEN      20-FEB-81                                                                                                                                                                                                                                                                                                                                                                                                                                                                                                                                                                                                                                                                                                                                                                                                                                                                                                                                                                                                                    
WARD       22-FEB-81                                                                                                                                                                                                                                                                                                                                                                                                                                                                                                                                                                                                                                                                                                                                                                                                                                                                                                                                                                                                                    
JONES      02-APR-81                                                                                                                                                                                                                                                                                                                                                                                                                                                                                                                                                                                                                                                                                                                                                                                                                                                                                                                                                                                                                    
MARTIN     28-SEP-81                                                                                                                                                                                                                                                                                                                                                                                                                                                                                                                                                                                                                                                                                                                                                                                                                                                                                                                                                                                                                    
BLAKE      01-MAY-81                                                                                                                                                                                                                                                                                                                                                                                                                                                                                                                                                                                                                                                                                                                                                                                                                                                                                                                                                                                                                    
CLARK      09-JUN-81                                                                                                                                                                                                                                                                                                                                                                                                                                                                                                                                                                                                                                                                                                                                                                                                                                                                                                                                                                                                                    
KING       17-NOV-81                                                                                                                                                                                                                                                                                                                                                                                                                                                                                                                                                                                                                                                                                                                                                                                                                                                                                                                                                                                                                    
TURNER     08-SEP-81                                                                                                                                                                                                                                                                                                                                                                                                                                                                                                                                                                                                                                                                                                                                                                                                                                                                                                                                                                                                                    
JAMES      03-DEC-81                                                                                                                                                                                                                                                                                                                                                                                                                                                                                                                                                                                                                                                                                                                                                                                                                                                                                                                                                                                                                    
FORD       03-DEC-81                                                                                                                                                                                                                                                                                                                                                                                                                                                                                                                                                                                                                                                                                                                                                                                                                                                                                                                                                                                                                    
MILLER     23-JAN-82                                                                                                                                                                                                                                                                                                                                                                                                                                                                                                                                                                                                                                                                                                                                                                                                                                                                                                                                                                                                                    

12 rows selected.

SQL> WAQTD NAME AND HIREDATE OF THE EMPLOYEES IF THEY ARE HIRED AFTER THE PRESIDENT
SP2-0734: unknown command beginning "WAQTD NAME..." - rest of line ignored.
SQL> SELECT ENAME, HIREDATE
  2  FROM EMP
  3  WHERE HIREDATE>(SELECT HIREDATE
  4                  FROM EMP
  5                  WHERE JOB='PRESIDENT');

ENAME      HIREDATE                                                                                                                                                                                                                                                                                                                                                                                                                                                                                                                                                                                                                                                                                                                                                                                                                                                                                                                                                                                                                     
---------- ---------                                                                                                                                                                                                                                                                                                                                                                                                                                                                                                                                                                                                                                                                                                                                                                                                                                                                                                                                                                                                                    
SCOTT      19-APR-87                                                                                                                                                                                                                                                                                                                                                                                                                                                                                                                                                                                                                                                                                                                                                                                                                                                                                                                                                                                                                    
ADAMS      23-MAY-87                                                                                                                                                                                                                                                                                                                                                                                                                                                                                                                                                                                                                                                                                                                                                                                                                                                                                                                                                                                                                    
JAMES      03-DEC-81                                                                                                                                                                                                                                                                                                                                                                                                                                                                                                                                                                                                                                                                                                                                                                                                                                                                                                                                                                                                                    
FORD       03-DEC-81                                                                                                                                                                                                                                                                                                                                                                                                                                                                                                                                                                                                                                                                                                                                                                                                                                                                                                                                                                                                                    
MILLER     23-JAN-82                                                                                                                                                                                                                                                                                                                                                                                                                                                                                                                                                                                                                                                                                                                                                                                                                                                                                                                                                                                                                    

SQL> WAQTD NAME AND SAL OF THE EMPLOYEE IF THEY ARE EARNING SAL LESS THAN THE EMPLOYEE WHOS EMPNO IS 7839
SP2-0734: unknown command beginning "WAQTD NAME..." - rest of line ignored.
SQL> SELECT ENAME, SAL
  2  FROM EMP
  3  WHERE SAL<(SELECT SAL
  4             FROM EMP
  5             WHERE EMPNO=7839);

ENAME             SAL                                                                                                                                                                                                                                                                                                                                                                                                                                                                                                                                                                                                                                                                                                                                                                                                                                                                                                                                                                                                                   
---------- ----------                                                                                                                                                                                                                                                                                                                                                                                                                                                                                                                                                                                                                                                                                                                                                                                                                                                                                                                                                                                                                   
SMITH             800                                                                                                                                                                                                                                                                                                                                                                                                                                                                                                                                                                                                                                                                                                                                                                                                                                                                                                                                                                                                                   
ALLEN            1600                                                                                                                                                                                                                                                                                                                                                                                                                                                                                                                                                                                                                                                                                                                                                                                                                                                                                                                                                                                                                   
WARD             1250                                                                                                                                                                                                                                                                                                                                                                                                                                                                                                                                                                                                                                                                                                                                                                                                                                                                                                                                                                                                                   
JONES            2975                                                                                                                                                                                                                                                                                                                                                                                                                                                                                                                                                                                                                                                                                                                                                                                                                                                                                                                                                                                                                   
MARTIN           1250                                                                                                                                                                                                                                                                                                                                                                                                                                                                                                                                                                                                                                                                                                                                                                                                                                                                                                                                                                                                                   
BLAKE            2850                                                                                                                                                                                                                                                                                                                                                                                                                                                                                                                                                                                                                                                                                                                                                                                                                                                                                                                                                                                                                   
CLARK            2450                                                                                                                                                                                                                                                                                                                                                                                                                                                                                                                                                                                                                                                                                                                                                                                                                                                                                                                                                                                                                   
SCOTT            3000                                                                                                                                                                                                                                                                                                                                                                                                                                                                                                                                                                                                                                                                                                                                                                                                                                                                                                                                                                                                                   
TURNER           1500                                                                                                                                                                                                                                                                                                                                                                                                                                                                                                                                                                                                                                                                                                                                                                                                                                                                                                                                                                                                                   
ADAMS            1100                                                                                                                                                                                                                                                                                                                                                                                                                                                                                                                                                                                                                                                                                                                                                                                                                                                                                                                                                                                                                   
JAMES             950                                                                                                                                                                                                                                                                                                                                                                                                                                                                                                                                                                                                                                                                                                                                                                                                                                                                                                                                                                                                                   
FORD             3000                                                                                                                                                                                                                                                                                                                                                                                                                                                                                                                                                                                                                                                                                                                                                                                                                                                                                                                                                                                                                   
MILLER           1300                                                                                                                                                                                                                                                                                                                                                                                                                                                                                                                                                                                                                                                                                                                                                                                                                                                                                                                                                                                                                   

13 rows selected.

SQL> WAQTD ENAME AND EMPNO OF THE EMPLOYEES IF EMPLOYEES ARE EARNING MORE THAN ALLEN
SP2-0734: unknown command beginning "WAQTD ENAM..." - rest of line ignored.
SQL> SELECT ENAME,EMPNO
  2  FROM EMP
  3  WHERE SAL> (SELECT SAL
  4              FROM EMP
  5              WHERE ENAME='ALLEN');

ENAME           EMPNO                                                                                                                                                                                                                                                                                                                                                                                                                                                                                                                                                                                                                                                                                                                                                                                                                                                                                                                                                                                                                   
---------- ----------                                                                                                                                                                                                                                                                                                                                                                                                                                                                                                                                                                                                                                                                                                                                                                                                                                                                                                                                                                                                                   
JONES            7566                                                                                                                                                                                                                                                                                                                                                                                                                                                                                                                                                                                                                                                                                                                                                                                                                                                                                                                                                                                                                   
BLAKE            7698                                                                                                                                                                                                                                                                                                                                                                                                                                                                                                                                                                                                                                                                                                                                                                                                                                                                                                                                                                                                                   
CLARK            7782                                                                                                                                                                                                                                                                                                                                                                                                                                                                                                                                                                                                                                                                                                                                                                                                                                                                                                                                                                                                                   
SCOTT            7788                                                                                                                                                                                                                                                                                                                                                                                                                                                                                                                                                                                                                                                                                                                                                                                                                                                                                                                                                                                                                   
KING             7839                                                                                                                                                                                                                                                                                                                                                                                                                                                                                                                                                                                                                                                                                                                                                                                                                                                                                                                                                                                                                   
FORD             7902                                                                                                                                                                                                                                                                                                                                                                                                                                                                                                                                                                                                                                                                                                                                                                                                                                                                                                                                                                                                                   

6 rows selected.

SQL> WAQTD ENAME AND SALARY OF ALL THE EMPLOYEES WHO ARE EARNING MORE THAN MILLER BUT LESS THAN ALLEN
SP2-0734: unknown command beginning "WAQTD ENAM..." - rest of line ignored.
                                                
 
SQL>  SELECT ENAME, SAL
  2   FROM EMP
  3   WHERE SAL > (SELECT SAL
  4                      FROM EMP
  5                       WHERE ENAME='MILLER') AND SAL<(SELECT SAL
  6                                                  FROM EMP
  7                                                  WHERE ENAME='ALLEN');

ENAME             SAL                                                                                                                                                                                                                                                                                                                                                                                                                                                                                                                                                                                                                                                                                                                                                                                                                                                                                                                                                                                                                   
---------- ----------                                                                                                                                                                                                                                                                                                                                                                                                                                                                                                                                                                                                                                                                                                                                                                                                                                                                                                                                                                                                                   
ALLEN            1600                                                                                                                                                                                                                                                                                                                                                                                                                                                                                                                                                                                                                                                                                                                                                                                                                                                                                                                                                                                                                   
TURNER           1500                                                                                                                                                                                                                                                                                                                                                                                                                                                                                                                                                                                                                                                                                                                                                                                                                                                                                                                                                                                                                   
MILLER           1300                                                                                                                                                                                                                                                                                                                                                                                                                                                                                                                                                                                                                                                                                                                                                                                                                                                                                                                                                                                                                   

SQL> WAQTD ALL THE DETAILS OF THE EMPLOYEES WORKING IN DEPT 20 AND WORKING IN THE SAME DESIGNATION AS SMITH
SP2-0734: unknown command beginning "WAQTD ALL ..." - rest of line ignored.
SQL> SELECT *
  2  FROM EMP
  3  WHERE DEPTNO=20 AND JOB=(SELECT JOB
  4                           FROM EMP
  5                           WHERE ENAME='SMITH');

     EMPNO ENAME      JOB              MGR HIREDATE         SAL       COMM     DEPTNO                                                                                                                                                                                                                                                                                                                                                                                                                                                                                                                                                                                                                                                                                                                                                                                                                                                                                                                                                   
---------- ---------- --------- ---------- --------- ---------- ---------- ----------                                                                                                                                                                                                                                                                                                                                                                                                                                                                                                                                                                                                                                                                                                                                                                                                                                                                                                                                                   
      7369 SMITH      CLERK           7902 17-DEC-80        800                    20                                                                                                                                                                                                                                                                                                                                                                                                                                                                                                                                                                                                                                                                                                                                                                                                                                                                                                                                                   
      7876 ADAMS      CLERK           7788 23-MAY-87       1100                    20                                                                                                                                                                                                                                                                                                                                                                                                                                                                                                                                                                                                                                                                                                                                                                                                                                                                                                                                                   

SQL> WAQTD ALL THE DETAILS OF THE EMPLOYEES WORKING AS MANAGER IN THE SAME DEPT AS TURNER
SP2-0734: unknown command beginning "WAQTD ALL ..." - rest of line ignored.
SQL> SELECT *
  2  FROM EMP
  3  WHERE JOB='MANAGER' AND DEPTNO =(SELECT DEPTNO
  4                                   FROM EMP
  5                                   WHERE ENAME='TURNER');

     EMPNO ENAME      JOB              MGR HIREDATE         SAL       COMM     DEPTNO                                                                                                                                                                                                                                                                                                                                                                                                                                                                                                                                                                                                                                                                                                                                                                                                                                                                                                                                                   
---------- ---------- --------- ---------- --------- ---------- ---------- ----------                                                                                                                                                                                                                                                                                                                                                                                                                                                                                                                                                                                                                                                                                                                                                                                                                                                                                                                                                   
      7698 BLAKE      MANAGER         7839 01-MAY-81       2850                    30                                                                                                                                                                                                                                                                                                                                                                                                                                                                                                                                                                                                                                                                                                                                                                                                                                                                                                                                                   

SQL> WAQTD NAME AND HIREDATE OF THE EMPLOYEES HIRED AFTER 1980 AND BEFORE KING
SP2-0734: unknown command beginning "WAQTD NAME..." - rest of line ignored.
SQL> SELECT ENAME, HIREDATE
  2  FROM EMP
  3  WHERE HIREDATE>'31-DEC-1980' AND HIRDATE<(SELECT HIREDATE
  4                                            FROM EMP
  5                                            WHERE ENAME='KING');
WHERE HIREDATE>'31-DEC-1980' AND HIRDATE<(SELECT HIREDATE
                                 *
ERROR at line 3:
ORA-00904: "HIRDATE": invalid identifier 


SQL>  SELECT ENAME, HIREDATE
  2   FROM EMP
  3   WHERE HIREDATE>'31-DEC-1980' AND HIREDATE<(SELECT HIREDATE
  4  FROM EMP
  5  WHERE ENAME='KING');

ENAME      HIREDATE                                                                                                                                                                                                                                                                                                                                                                                                                                                                                                                                                                                                                                                                                                                                                                                                                                                                                                                                                                                                                     
---------- ---------                                                                                                                                                                                                                                                                                                                                                                                                                                                                                                                                                                                                                                                                                                                                                                                                                                                                                                                                                                                                                    
ALLEN      20-FEB-81                                                                                                                                                                                                                                                                                                                                                                                                                                                                                                                                                                                                                                                                                                                                                                                                                                                                                                                                                                                                                    
WARD       22-FEB-81                                                                                                                                                                                                                                                                                                                                                                                                                                                                                                                                                                                                                                                                                                                                                                                                                                                                                                                                                                                                                    
JONES      02-APR-81                                                                                                                                                                                                                                                                                                                                                                                                                                                                                                                                                                                                                                                                                                                                                                                                                                                                                                                                                                                                                    
MARTIN     28-SEP-81                                                                                                                                                                                                                                                                                                                                                                                                                                                                                                                                                                                                                                                                                                                                                                                                                                                                                                                                                                                                                    
BLAKE      01-MAY-81                                                                                                                                                                                                                                                                                                                                                                                                                                                                                                                                                                                                                                                                                                                                                                                                                                                                                                                                                                                                                    
CLARK      09-JUN-81                                                                                                                                                                                                                                                                                                                                                                                                                                                                                                                                                                                                                                                                                                                                                                                                                                                                                                                                                                                                                    
TURNER     08-SEP-81                                                                                                                                                                                                                                                                                                                                                                                                                                                                                                                                                                                                                                                                                                                                                                                                                                                                                                                                                                                                                    

7 rows selected.

SQL> WAQTD NAME AND SAL ALONG WITH ANNUAL SAL FOR ALL EMPLOYEES WHOS SAL IS LESS THAN BLAKE AND MORE THAN 3500
SP2-0734: unknown command beginning "WAQTD NAME..." - rest of line ignored.
SQL> SELECT ENAME, SAL, SAL*12 ANN_SAL
  2  FROM EMP
  3  WHERE SAL <(SELECT SAL
  4                     FROM EMP
  5                     WHERE ENAME='BLAKE') AND SAL>3500;
                   WHERE ENAME='BLAKE') AND SAL>3500
                                               *
ERROR at line 5:
ORA-00933: SQL command not properly ended 


SQL> ED
Wrote file afiedt.buf

  1  SELECT ENAME, SAL, SAL*12 ANN_SAL
  2  FROM EMP
  3  WHERE SAL <(SELECT SAL
  4                     FROM EMP
  5*                    WHERE ENAME='BLAKE') AND SAL>3500
SQL> /

no rows selected

SQL> SELECT *
  2  FROM EMP
  3  
SQL> SELECT ENAME, JOB
  2  FROM EMP;

ENAME      JOB                                                                                                                                                                                                                                                                                                                                                                                                                                                                                                                                                                                                                                                                                                                                                                                                                                                                                                                                                                                                                          
---------- ---------                                                                                                                                                                                                                                                                                                                                                                                                                                                                                                                                                                                                                                                                                                                                                                                                                                                                                                                                                                                                                    
SMITH      CLERK                                                                                                                                                                                                                                                                                                                                                                                                                                                                                                                                                                                                                                                                                                                                                                                                                                                                                                                                                                                                                        
ALLEN      SALESMAN                                                                                                                                                                                                                                                                                                                                                                                                                                                                                                                                                                                                                                                                                                                                                                                                                                                                                                                                                                                                                     
WARD       SALESMAN                                                                                                                                                                                                                                                                                                                                                                                                                                                                                                                                                                                                                                                                                                                                                                                                                                                                                                                                                                                                                     
JONES      MANAGER                                                                                                                                                                                                                                                                                                                                                                                                                                                                                                                                                                                                                                                                                                                                                                                                                                                                                                                                                                                                                      
MARTIN     SALESMAN                                                                                                                                                                                                                                                                                                                                                                                                                                                                                                                                                                                                                                                                                                                                                                                                                                                                                                                                                                                                                     
BLAKE      MANAGER                                                                                                                                                                                                                                                                                                                                                                                                                                                                                                                                                                                                                                                                                                                                                                                                                                                                                                                                                                                                                      
CLARK      MANAGER                                                                                                                                                                                                                                                                                                                                                                                                                                                                                                                                                                                                                                                                                                                                                                                                                                                                                                                                                                                                                      
SCOTT      ANALYST                                                                                                                                                                                                                                                                                                                                                                                                                                                                                                                                                                                                                                                                                                                                                                                                                                                                                                                                                                                                                      
KING       PRESIDENT                                                                                                                                                                                                                                                                                                                                                                                                                                                                                                                                                                                                                                                                                                                                                                                                                                                                                                                                                                                                                    
TURNER     SALESMAN                                                                                                                                                                                                                                                                                                                                                                                                                                                                                                                                                                                                                                                                                                                                                                                                                                                                                                                                                                                                                     
ADAMS      CLERK                                                                                                                                                                                                                                                                                                                                                                                                                                                                                                                                                                                                                                                                                                                                                                                                                                                                                                                                                                                                                        
JAMES      CLERK                                                                                                                                                                                                                                                                                                                                                                                                                                                                                                                                                                                                                                                                                                                                                                                                                                                                                                                                                                                                                        
FORD       ANALYST                                                                                                                                                                                                                                                                                                                                                                                                                                                                                                                                                                                                                                                                                                                                                                                                                                                                                                                                                                                                                      
MILLER     CLERK                                                                                                                                                                                                                                                                                                                                                                                                                                                                                                                                                                                                                                                                                                                                                                                                                                                                                                                                                                                                                        

14 rows selected.

SQL> ED
Wrote file afiedt.buf

  1  SELECT ENAME, SAL
  2* FROM EMP
SQL> /

ENAME             SAL                                                                                                                                                                                                                                                                                                                                                                                                                                                                                                                                                                                                                                                                                                                                                                                                                                                                                                                                                                                                                   
---------- ----------                                                                                                                                                                                                                                                                                                                                                                                                                                                                                                                                                                                                                                                                                                                                                                                                                                                                                                                                                                                                                   
SMITH             800                                                                                                                                                                                                                                                                                                                                                                                                                                                                                                                                                                                                                                                                                                                                                                                                                                                                                                                                                                                                                   
ALLEN            1600                                                                                                                                                                                                                                                                                                                                                                                                                                                                                                                                                                                                                                                                                                                                                                                                                                                                                                                                                                                                                   
WARD             1250                                                                                                                                                                                                                                                                                                                                                                                                                                                                                                                                                                                                                                                                                                                                                                                                                                                                                                                                                                                                                   
JONES            2975                                                                                                                                                                                                                                                                                                                                                                                                                                                                                                                                                                                                                                                                                                                                                                                                                                                                                                                                                                                                                   
MARTIN           1250                                                                                                                                                                                                                                                                                                                                                                                                                                                                                                                                                                                                                                                                                                                                                                                                                                                                                                                                                                                                                   
BLAKE            2850                                                                                                                                                                                                                                                                                                                                                                                                                                                                                                                                                                                                                                                                                                                                                                                                                                                                                                                                                                                                                   
CLARK            2450                                                                                                                                                                                                                                                                                                                                                                                                                                                                                                                                                                                                                                                                                                                                                                                                                                                                                                                                                                                                                   
SCOTT            3000                                                                                                                                                                                                                                                                                                                                                                                                                                                                                                                                                                                                                                                                                                                                                                                                                                                                                                                                                                                                                   
KING             5000                                                                                                                                                                                                                                                                                                                                                                                                                                                                                                                                                                                                                                                                                                                                                                                                                                                                                                                                                                                                                   
TURNER           1500                                                                                                                                                                                                                                                                                                                                                                                                                                                                                                                                                                                                                                                                                                                                                                                                                                                                                                                                                                                                                   
ADAMS            1100                                                                                                                                                                                                                                                                                                                                                                                                                                                                                                                                                                                                                                                                                                                                                                                                                                                                                                                                                                                                                   
JAMES             950                                                                                                                                                                                                                                                                                                                                                                                                                                                                                                                                                                                                                                                                                                                                                                                                                                                                                                                                                                                                                   
FORD             3000                                                                                                                                                                                                                                                                                                                                                                                                                                                                                                                                                                                                                                                                                                                                                                                                                                                                                                                                                                                                                   
MILLER           1300                                                                                                                                                                                                                                                                                                                                                                                                                                                                                                                                                                                                                                                                                                                                                                                                                                                                                                                                                                                                                   

14 rows selected.

SQL> WAQTD ALL THE DETAILS OF EMPLOYEES WHO EARN MORE THAN SCOTT BUT LESS THAN KING
SP2-0734: unknown command beginning "WAQTD ALL ..." - rest of line ignored.
SQL> SELECT *
  2  FROM EMP
  3  WHERE SAL>(SELECT SAL
  4  FROM EMP
  5  WHERE ENAME='SCOTT') AND SAL <(SELECT SAL
  6  FROM EMP
  7  WHERE ENAME='KING');

no rows selected

SQL> WAQTD NAME OF THE EMPLOYEES WHOS NAME STARTS WITH 'A' AND WORKS IN THE SAME DEPT AS BLAKE
SP2-0734: unknown command beginning "WAQTD NAME..." - rest of line ignored.
SQL> SELECT ENAME, DEPTNO
  2  FROM EMP
  3  WHERE ENAME LIKE='A%' AND DEPTNO=(SELECT DEPTNO
  4                                    FROM EMP
  5                                    WHERE ENAME='BLAKE');
WHERE ENAME LIKE='A%' AND DEPTNO=(SELECT DEPTNO
                *
ERROR at line 3:
ORA-00936: missing expression 


SQL> ED
Wrote file afiedt.buf

  1  SELECT ENAME, DEPTNO
  2  FROM EMP
  3  WHERE ENAME LIKE'A%' AND DEPTNO=(SELECT DEPTNO
  4                                    FROM EMP
  5*                                   WHERE ENAME='BLAKE')
SQL> /

ENAME          DEPTNO                                                                                                                                                                                                                                                                                                                                                                                                                                                                                                                                                                                                                                                                                                                                                                                                                                                                                                                                                                                                                   
---------- ----------                                                                                                                                                                                                                                                                                                                                                                                                                                                                                                                                                                                                                                                                                                                                                                                                                                                                                                                                                                                                                   
ALLEN              30                                                                                                                                                                                                                                                                                                                                                                                                                                                                                                                                                                                                                                                                                                                                                                                                                                                                                                                                                                                                                   

SQL> WAQTD NAME AND COMM IF EMPLOYEES EARN COMISSION AND WORK IN THE SAME DESIGNATION AS SMITH
SP2-0734: unknown command beginning "WAQTD NAME..." - rest of line ignored.
SQL> SELECT ENAME, COMM
  2  FROM EMP
  3  WHERE COMM IS NOT NULL AND JOB=(SELECT JOB
  4                                  FROM EMP
  5                                  WHERE ENAME='SMITH');

no rows selected

SQL> WAQTD DETAILS OF ALL THE EMPLOYEES WORKING AS CLERK IN THE SAME DEPT AS TURNER
SP2-0734: unknown command beginning "WAQTD DETA..." - rest of line ignored.
SQL> SELECT *
  2  FROM  EMP
  3  WHERE JOB='CLERK' AND DEPTNO=(SELECT DEPTNO
  4                                FROM EMP
  5                                WHERE ENAME='TURNER');

     EMPNO ENAME      JOB              MGR HIREDATE         SAL       COMM     DEPTNO                                                                                                                                                                                                                                                                                                                                                                                                                                                                                                                                                                                                                                                                                                                                                                                                                                                                                                                                                   
---------- ---------- --------- ---------- --------- ---------- ---------- ----------                                                                                                                                                                                                                                                                                                                                                                                                                                                                                                                                                                                                                                                                                                                                                                                                                                                                                                                                                   
      7900 JAMES      CLERK           7698 03-DEC-81        950                    30                                                                                                                                                                                                                                                                                                                                                                                                                                                                                                                                                                                                                                                                                                                                                                                                                                                                                                                                                   

SQL> WAQTD ENAME, SAL AND DESIGNATION OF THE EMPLOYEES WHOS ANNUAL SALARY IS MORE THAN SMITH AND LESS THAN KING
SP2-0734: unknown command beginning "WAQTD ENAM..." - rest of line ignored.
SQL> SELECT ENAME, SAL, JOB, SAL*12 ANN_SAL
  2   FROM EMP
  3  WHERE SAL*12 >(SELECT SAL*12
  4                  FROM EMP
  5                 WHERE ENAME='SMITH')AND SAL*12 <(SELECT SAL*12
  6                                                   FROM EMP
  7                                                   WHERE ENAME='KING');

ENAME             SAL JOB          ANN_SAL                                                                                                                                                                                                                                                                                                                                                                                                                                                                                                                                                                                                                                                                                                                                                                                                                                                                                                                                                                                              
---------- ---------- --------- ----------                                                                                                                                                                                                                                                                                                                                                                                                                                                                                                                                                                                                                                                                                                                                                                                                                                                                                                                                                                                              
ALLEN            1600 SALESMAN       19200                                                                                                                                                                                                                                                                                                                                                                                                                                                                                                                                                                                                                                                                                                                                                                                                                                                                                                                                                                                              
WARD             1250 SALESMAN       15000                                                                                                                                                                                                                                                                                                                                                                                                                                                                                                                                                                                                                                                                                                                                                                                                                                                                                                                                                                                              
JONES            2975 MANAGER        35700                                                                                                                                                                                                                                                                                                                                                                                                                                                                                                                                                                                                                                                                                                                                                                                                                                                                                                                                                                                              
MARTIN           1250 SALESMAN       15000                                                                                                                                                                                                                                                                                                                                                                                                                                                                                                                                                                                                                                                                                                                                                                                                                                                                                                                                                                                              
BLAKE            2850 MANAGER        34200                                                                                                                                                                                                                                                                                                                                                                                                                                                                                                                                                                                                                                                                                                                                                                                                                                                                                                                                                                                              
CLARK            2450 MANAGER        29400                                                                                                                                                                                                                                                                                                                                                                                                                                                                                                                                                                                                                                                                                                                                                                                                                                                                                                                                                                                              
SCOTT            3000 ANALYST        36000                                                                                                                                                                                                                                                                                                                                                                                                                                                                                                                                                                                                                                                                                                                                                                                                                                                                                                                                                                                              
TURNER           1500 SALESMAN       18000                                                                                                                                                                                                                                                                                                                                                                                                                                                                                                                                                                                                                                                                                                                                                                                                                                                                                                                                                                                              
ADAMS            1100 CLERK          13200                                                                                                                                                                                                                                                                                                                                                                                                                                                                                                                                                                                                                                                                                                                                                                                                                                                                                                                                                                                              
JAMES             950 CLERK          11400                                                                                                                                                                                                                                                                                                                                                                                                                                                                                                                                                                                                                                                                                                                                                                                                                                                                                                                                                                                              
FORD             3000 ANALYST        36000                                                                                                                                                                                                                                                                                                                                                                                                                                                                                                                                                                                                                                                                                                                                                                                                                                                                                                                                                                                              
MILLER           1300 CLERK          15600                                                                                                                                                                                                                                                                                                                                                                                                                                                                                                                                                                                                                                                                                                                                                                                                                                                                                                                                                                                              

12 rows selected.

SQL> SPOOL OFF
