SQL> 41.WAQTD SMITHS REPORTING MANAGER'S NAME
SP2-0734: unknown command beginning "41.WAQTD S..." - rest of line ignored.
SQL> SELECT ENAME
  2  FROM EMP
  3  WHERE EMPNO=(SELECT MGR
  4               FROM EMP
  5               WHERE ENAME='SMITH');

ENAME                                                                           
----------                                                                      
FORD                                                                            

SQL> 42.WAQTD ADAMS MANAGER'S MANAGER NAME
SP2-0734: unknown command beginning "42.WAQTD A..." - rest of line ignored.
SQL> SELECT ENAME
  2  FROM EMP
  3  WHERE EMPNO IN(SELECT MGR
  4                 FROM EMP
  5                 WHERE EMPNO IN(SELECT MGR
  6                               FROM EMP
  7                               WHERE ENAME='ADAMS'));

ENAME                                                                           
----------                                                                      
JONES                                                                           

SQL> WAQTD DNAME OF JONES MANAGER
SP2-0734: unknown command beginning "WAQTD DNAM..." - rest of line ignored.
SQL> select dname
  2  FROM DEPT
  3  WHERE DEPTNO IN(SELECT DEPTNO
  4                  FROM EMP
  5                  WHERE EMPNO IN(SELECT EMPNO
  6                                 FROM EMP
  7                                 WHERE MGR IN(SELECT EMPNO
  8                                              FROM EMP
  9  
SQL> 
SQL> 
SQL> 
SQL> 
SQL> 
SQL> 
SQL> 
SQL> 
SQL> 
SQL> 
SQL> 
SQL> 
SQL>  select dname
  2   FROM DEPT
  3   WHERE DEPTNO IN(SELECT DEPTNO
  4                   FROM EMP
  5                   WHERE EMPNO IN(SELECT EMPNO
  6                                  FROM EMP
  7                                  WHERE MGR IN(SELECT EMPNO
  8                                               FROM EMP
  9                                               WHERE ENAME='JONAS')));

no rows selected

SQL> SELECT DNAME
  2  FROM EMP
  3  WHERE DEPTNO IN (SELECT DEPTNO
  4                   FROM EMP
  5                   WHERE EMPNO IN (SELECT MGR
  6                                   FROM EMP
  7                                   WHERE ENAME='JONES'));
SELECT DNAME
       *
ERROR at line 1:
ORA-00904: "DNAME": invalid identifier 


SQL> ED
Wrote file afiedt.buf

  1  SELECT DNAME
  2  FROM DEPT
  3  WHERE DEPTNO IN (SELECT DEPTNO
  4                   FROM EMP
  5                   WHERE EMPNO IN (SELECT MGR
  6                                   FROM EMP
  7*                                  WHERE ENAME='JONES'))
SQL> /

DNAME                                                                           
--------------                                                                  
ACCOUNTING                                                                      

SQL> SELECT SAL
  2  FROM EMP
  3  WHERE EMPNO =(SELECT MGR
  4                FROM EMP
  5                WHERE ENAME='MILLER');

       SAL                                                                      
----------                                                                      
      2450                                                                      

SQL> WAQTD LOC OF SMITH'S MANAGER'S MANAGER.
SP2-0734: unknown command beginning "WAQTD LOC ..." - rest of line ignored.
SQL> SELECT LOC
  2  FROM DEPT
  3  WHERE DEPTNO IN (SELECT DEPTNO
  4                   FROM EMP
  5                   WHERE EMPNO IN (SELECT MGR
  6                                   FROM EMP
  7                                   WHERE EMPNO IN ( SELECT MGR
  8                                                    FROM EMP
  9                                                    WHERE ENAME='SMITH')));

LOC                                                                             
-------------                                                                   
DALLAS                                                                          

SQL> SELECT ENAME
  2  FROM EMP
  3   WHERE MGR IN (SELECT EMPNO
  4                 FROM EMP
  5                 WHERE ENAME='BLAKE');

ENAME                                                                           
----------                                                                      
ALLEN                                                                           
WARD                                                                            
MARTIN                                                                          
TURNER                                                                          
JAMES                                                                           

SQL> WAQTD NUMBER OF EMPLPOYEES REPORTING TO KING
SP2-0734: unknown command beginning "WAQTD NUMB..." - rest of line ignored.
SQL> SELECT COUNT(*)
  2  FROM EMP
  3  WHERE MGR IN (SELECT EMPNO
  4                FROM EMP
  5                WHERE ENAME='KING');

  COUNT(*)                                                                      
----------                                                                      
         3                                                                      

SQL> WAQTD DETAILS OF THE EMPLOYEES REPORTING TO JONES
SP2-0734: unknown command beginning "WAQTD DETA..." - rest of line ignored.
SQL> SELECT *
  2  FROM EMP
  3  WHERE MGR IN (SELECT EMPNO
  4                FROM EMP
  5                WHERE ENAME='JONES');

     EMPNO ENAME      JOB              MGR HIREDATE         SAL       COMM      
---------- ---------- --------- ---------- --------- ---------- ----------      
    DEPTNO                                                                      
----------                                                                      
      7788 SCOTT      ANALYST         7566 19-APR-87       3000                 
        20                                                                      
                                                                                
      7902 FORD       ANALYST         7566 03-DEC-81       3000                 
        20                                                                      
                                                                                

SQL> SET LINES 1000 PAGES 1000
SQL> WAQTD ENAMES OF THE EMPLOYEES REPORTING TO BLAKE'S MANAGER
SP2-0734: unknown command beginning "WAQTD ENAM..." - rest of line ignored.
SQL> SELECT ENAME
  2  FROM EMP
  3  WHERE MGR IN (SELECT EMPNO
  4                FROM EMP
  5                WHERE MGR IN (SELECT EMPNO
  6                              FROM EMP
  7                              WHERE ENAME='BLAKE'));

no rows selected

SQL> ED
Wrote file afiedt.buf

  1  SELECT COUNT(*)
  2  FROM EMP
  3  WHERE MGR IN (SELECT EMPNO
  4                FROM EMP
  5                WHERE MGR IN (SELECT EMPNO
  6                              FROM EMP
  7*                             WHERE ENAME='FORD'))
SQL> /

  COUNT(*)                                                                                                                                                                                                                                                                                                                                                                                                                                                                                                                                                                                                                                                                                                                                                                                                                                                                                                                                                                                                                              
----------                                                                                                                                                                                                                                                                                                                                                                                                                                                                                                                                                                                                                                                                                                                                                                                                                                                                                                                                                                                                                              
         0                                                                                                                                                                                                                                                                                                                                                                                                                                                                                                                                                                                                                                                                                                                                                                                                                                                                                                                                                                                                                              

SQL> SELECT EMPNO
  2  FROM EMP
  3  WHERE ENAME='FORD';

     EMPNO                                                                                                                                                                                                                                                                                                                                                                                                                                                                                                                                                                                                                                                                                                                                                                                                                                                                                                                                                                                                                              
----------                                                                                                                                                                                                                                                                                                                                                                                                                                                                                                                                                                                                                                                                                                                                                                                                                                                                                                                                                                                                                              
      7902                                                                                                                                                                                                                                                                                                                                                                                                                                                                                                                                                                                                                                                                                                                                                                                                                                                                                                                                                                                                                              

SQL> SELECT EMPNO
  2  FROM EMP
  3  WHERE MGR =7902;

     EMPNO                                                                                                                                                                                                                                                                                                                                                                                                                                                                                                                                                                                                                                                                                                                                                                                                                                                                                                                                                                                                                              
----------                                                                                                                                                                                                                                                                                                                                                                                                                                                                                                                                                                                                                                                                                                                                                                                                                                                                                                                                                                                                                              
      7369                                                                                                                                                                                                                                                                                                                                                                                                                                                                                                                                                                                                                                                                                                                                                                                                                                                                                                                                                                                                                              

SQL> SELECT COUNT(*)
  2  FROM EMP
  3  WHERE MGR IN(SELECT MGR
  4               FROM EMP
  5               WHERE EMPNO
  6  
SQL> SELECT COUNT(*)
  2  FROM EMP
  3  WHERE MGR IN (SELECT MGR
  4                FROM EMP
  5                WHERE
  6  
SQL> SELECT MGR
  2  FROM EMP
  3  WHERE ENAME='FORD';

       MGR                                                                                                                                                                                                                                                                                                                                                                                                                                                                                                                                                                                                                                                                                                                                                                                                                                                                                                                                                                                                                              
----------                                                                                                                                                                                                                                                                                                                                                                                                                                                                                                                                                                                                                                                                                                                                                                                                                                                                                                                                                                                                                              
      7566                                                                                                                                                                                                                                                                                                                                                                                                                                                                                                                                                                                                                                                                                                                                                                                                                                                                                                                                                                                                                              

SQL> SELECT * FROM EMP;

     EMPNO ENAME      JOB              MGR HIREDATE         SAL       COMM     DEPTNO                                                                                                                                                                                                                                                                                                                                                                                                                                                                                                                                                                                                                                                                                                                                                                                                                                                                                                                                                   
---------- ---------- --------- ---------- --------- ---------- ---------- ----------                                                                                                                                                                                                                                                                                                                                                                                                                                                                                                                                                                                                                                                                                                                                                                                                                                                                                                                                                   
      7369 SMITH      CLERK           7902 17-DEC-80        800                    20                                                                                                                                                                                                                                                                                                                                                                                                                                                                                                                                                                                                                                                                                                                                                                                                                                                                                                                                                   
      7499 ALLEN      SALESMAN        7698 20-FEB-81       1600        300         30                                                                                                                                                                                                                                                                                                                                                                                                                                                                                                                                                                                                                                                                                                                                                                                                                                                                                                                                                   
      7521 WARD       SALESMAN        7698 22-FEB-81       1250        500         30                                                                                                                                                                                                                                                                                                                                                                                                                                                                                                                                                                                                                                                                                                                                                                                                                                                                                                                                                   
      7566 JONES      MANAGER         7839 02-APR-81       2975                    20                                                                                                                                                                                                                                                                                                                                                                                                                                                                                                                                                                                                                                                                                                                                                                                                                                                                                                                                                   
      7654 MARTIN     SALESMAN        7698 28-SEP-81       1250       1400         30                                                                                                                                                                                                                                                                                                                                                                                                                                                                                                                                                                                                                                                                                                                                                                                                                                                                                                                                                   
      7698 BLAKE      MANAGER         7839 01-MAY-81       2850                    30                                                                                                                                                                                                                                                                                                                                                                                                                                                                                                                                                                                                                                                                                                                                                                                                                                                                                                                                                   
      7782 CLARK      MANAGER         7839 09-JUN-81       2450                    10                                                                                                                                                                                                                                                                                                                                                                                                                                                                                                                                                                                                                                                                                                                                                                                                                                                                                                                                                   
      7788 SCOTT      ANALYST         7566 19-APR-87       3000                    20                                                                                                                                                                                                                                                                                                                                                                                                                                                                                                                                                                                                                                                                                                                                                                                                                                                                                                                                                   
      7839 KING       PRESIDENT            17-NOV-81       5000                    10                                                                                                                                                                                                                                                                                                                                                                                                                                                                                                                                                                                                                                                                                                                                                                                                                                                                                                                                                   
      7844 TURNER     SALESMAN        7698 08-SEP-81       1500          0         30                                                                                                                                                                                                                                                                                                                                                                                                                                                                                                                                                                                                                                                                                                                                                                                                                                                                                                                                                   
      7876 ADAMS      CLERK           7788 23-MAY-87       1100                    20                                                                                                                                                                                                                                                                                                                                                                                                                                                                                                                                                                                                                                                                                                                                                                                                                                                                                                                                                   
      7900 JAMES      CLERK           7698 03-DEC-81        950                    30                                                                                                                                                                                                                                                                                                                                                                                                                                                                                                                                                                                                                                                                                                                                                                                                                                                                                                                                                   
      7902 FORD       ANALYST         7566 03-DEC-81       3000                    20                                                                                                                                                                                                                                                                                                                                                                                                                                                                                                                                                                                                                                                                                                                                                                                                                                                                                                                                                   
      7934 MILLER     CLERK           7782 23-JAN-82       1300                    10                                                                                                                                                                                                                                                                                                                                                                                                                                                                                                                                                                                                                                                                                                                                                                                                                                                                                                                                                   

14 rows selected.

SQL> SELECT ENAME
  2  FROM EMP
  3  WHERE MGR IN (SELECT EMPNO
  4                FROM EMP
  5                WHERE MGR =
  6  
SQL> SELECT ENAME
  2  FROM EMP
  3  WHERE MGR IN (SELECT MGR
  4                FROM EMP
  5                WHERE ENAME='FORD');

ENAME                                                                                                                                                                                                                                                                                                                                                                                                                                                                                                                                                                                                                                                                                                                                                                                                                                                                                                                                                                                                                                   
----------                                                                                                                                                                                                                                                                                                                                                                                                                                                                                                                                                                                                                                                                                                                                                                                                                                                                                                                                                                                                                              
FORD                                                                                                                                                                                                                                                                                                                                                                                                                                                                                                                                                                                                                                                                                                                                                                                                                                                                                                                                                                                                                                    
SCOTT                                                                                                                                                                                                                                                                                                                                                                                                                                                                                                                                                                                                                                                                                                                                                                                                                                                                                                                                                                                                                                   

SQL> SELECT ENAME
  2  FROM EMP
  3  WHERE MGR IN (SELECT MGR
  4                FROM EMP
  5                WHERE ENAME='BLAKE');

ENAME                                                                                                                                                                                                                                                                                                                                                                                                                                                                                                                                                                                                                                                                                                                                                                                                                                                                                                                                                                                                                                   
----------                                                                                                                                                                                                                                                                                                                                                                                                                                                                                                                                                                                                                                                                                                                                                                                                                                                                                                                                                                                                                              
CLARK                                                                                                                                                                                                                                                                                                                                                                                                                                                                                                                                                                                                                                                                                                                                                                                                                                                                                                                                                                                                                                   
BLAKE                                                                                                                                                                                                                                                                                                                                                                                                                                                                                                                                                                                                                                                                                                                                                                                                                                                                                                                                                                                                                                   
JONES                                                                                                                                                                                                                                                                                                                                                                                                                                                                                                                                                                                                                                                                                                                                                                                                                                                                                                                                                                                                                                   

SQL> SELECT *
  2  FROM EMP
  3  WHERE JOB='MANAGER';

     EMPNO ENAME      JOB              MGR HIREDATE         SAL       COMM     DEPTNO                                                                                                                                                                                                                                                                                                                                                                                                                                                                                                                                                                                                                                                                                                                                                                                                                                                                                                                                                   
---------- ---------- --------- ---------- --------- ---------- ---------- ----------                                                                                                                                                                                                                                                                                                                                                                                                                                                                                                                                                                                                                                                                                                                                                                                                                                                                                                                                                   
      7566 JONES      MANAGER         7839 02-APR-81       2975                    20                                                                                                                                                                                                                                                                                                                                                                                                                                                                                                                                                                                                                                                                                                                                                                                                                                                                                                                                                   
      7698 BLAKE      MANAGER         7839 01-MAY-81       2850                    30                                                                                                                                                                                                                                                                                                                                                                                                                                                                                                                                                                                                                                                                                                                                                                                                                                                                                                                                                   
      7782 CLARK      MANAGER         7839 09-JUN-81       2450                    10                                                                                                                                                                                                                                                                                                                                                                                                                                                                                                                                                                                                                                                                                                                                                                                                                                                                                                                                                   

SQL> SELECT *
  2  FROM EMP
  3  WHERE EMPNO IN (SELECT MGR
  4                  FROM EMP);

     EMPNO ENAME      JOB              MGR HIREDATE         SAL       COMM     DEPTNO                                                                                                                                                                                                                                                                                                                                                                                                                                                                                                                                                                                                                                                                                                                                                                                                                                                                                                                                                   
---------- ---------- --------- ---------- --------- ---------- ---------- ----------                                                                                                                                                                                                                                                                                                                                                                                                                                                                                                                                                                                                                                                                                                                                                                                                                                                                                                                                                   
      7566 JONES      MANAGER         7839 02-APR-81       2975                    20                                                                                                                                                                                                                                                                                                                                                                                                                                                                                                                                                                                                                                                                                                                                                                                                                                                                                                                                                   
      7698 BLAKE      MANAGER         7839 01-MAY-81       2850                    30                                                                                                                                                                                                                                                                                                                                                                                                                                                                                                                                                                                                                                                                                                                                                                                                                                                                                                                                                   
      7782 CLARK      MANAGER         7839 09-JUN-81       2450                    10                                                                                                                                                                                                                                                                                                                                                                                                                                                                                                                                                                                                                                                                                                                                                                                                                                                                                                                                                   
      7788 SCOTT      ANALYST         7566 19-APR-87       3000                    20                                                                                                                                                                                                                                                                                                                                                                                                                                                                                                                                                                                                                                                                                                                                                                                                                                                                                                                                                   
      7839 KING       PRESIDENT            17-NOV-81       5000                    10                                                                                                                                                                                                                                                                                                                                                                                                                                                                                                                                                                                                                                                                                                                                                                                                                                                                                                                                                   
      7902 FORD       ANALYST         7566 03-DEC-81       3000                    20                                                                                                                                                                                                                                                                                                                                                                                                                                                                                                                                                                                                                                                                                                                                                                                                                                                                                                                                                   

6 rows selected.

SQL> SELECT *
  2  FROM EMP
  3  WHERE EMPNO IN (SELECT MGR
  4                  FROM EMP
  5                  WHERE ENAME='FORD');

