SQL> ASSIGNMENT ON SPECIAL OPERATORS: -
> 
SP2-0734: unknown command beginning "ASSIGNMENT..." - rest of line ignored.
SQL> LIST ALL THE EMPLOYEES WHOSE COMMISSION IS NULL
SP2-0223: No lines in SQL buffer.
SQL> SELECT ENAME
  2  FROM EMP
  3  WHERE COMM IS NULL;

ENAME                                                                           
----------                                                                      
SMITH                                                                           
JONES                                                                           
BLAKE                                                                           
CLARK                                                                           
SCOTT                                                                           
KING                                                                            
ADAMS                                                                           
JAMES                                                                           
FORD                                                                            
MILLER                                                                          

10 rows selected.

SQL> LIST ALL THE EMPLOYEES WHO DON T HAVE A REPORTING MANAGER
SP2-0224: invalid starting line number
SQL> SELECT ENAME
  2  FROM EMP
  3  WHERE MGR IS NULL;

ENAME                                                                           
----------                                                                      
KING                                                                            

SQL> LIST ALL THE SALESMEN IN DEPT 30
SP2-0224: invalid starting line number
SQL> SELECT SALESMAN
  2  FROM EMP
  3  WHERE DEPTNO=30;
SELECT SALESMAN
       *
ERROR at line 1:
ORA-00904: "SALESMAN": invalid identifier 


SQL> LIST ALL THE SALESMEN IN DEPT 30
SP2-0224: invalid starting line number
SQL>  SELECT SAL
  2  
SQL> 
SQL> SELECT SALESMAN
  2  FROM EMP
  3  WHERE DEPTNO IN 30;
SELECT SALESMAN
       *
ERROR at line 1:
ORA-00904: "SALESMAN": invalid identifier 


SQL> SELECT JOB
  2  FROM EMP
  3  WHERE JOB='SALESMAN' AND DEPTNO=30;

JOB                                                                             
---------                                                                       
SALESMAN                                                                        
SALESMAN                                                                        
SALESMAN                                                                        
SALESMAN                                                                        

SQL> ED
Wrote file afiedt.buf

  1  SELECT JOB, DEPTNO
  2  FROM EMP
  3* WHERE JOB='SALESMAN' AND DEPTNO=30
SQL> /

JOB           DEPTNO                                                            
--------- ----------                                                            
SALESMAN          30                                                            
SALESMAN          30                                                            
SALESMAN          30                                                            
SALESMAN          30                                                            

SQL> LIST ALL THE SALESMEN IN DEPT NUMBER 30 AND HAVING SALARY GREATER THAN 1500
SP2-0224: invalid starting line number
SQL> SELECT JOB, DEPTNO, SAL
  2  FROM EMP
  3  WHERE JOB='SALESMAN' AND DEPTNO=30 AND SAL>1500;

JOB           DEPTNO        SAL                                                 
--------- ---------- ----------                                                 
SALESMAN          30       1600                                                 

SQL> LIST ALL THE EMPLOYEES WHOSE NAME STARTS WITH  S  OR  A 
SP2-0224: invalid starting line number
SQL> SELECT ENAME
  2  FROM EMP
  3  WHERE ENAME LIKE 'S%' OR ENAME LIKE 'A%';

ENAME                                                                           
----------                                                                      
SMITH                                                                           
ALLEN                                                                           
SCOTT                                                                           
ADAMS                                                                           

SQL> LIST ALL THE EMPLOYEES EXCEPT THOSE WHO ARE WORKING IN DEPT 10 & 20.
Enter value for 20: 
SP2-0224: invalid starting line number
SQL> SELECT ENAME , DEPTNO
  2  FROM EMP
  3  WHERE DEPTNO NOT IN (10,20);

ENAME          DEPTNO                                                           
---------- ----------                                                           
ALLEN              30                                                           
WARD               30                                                           
MARTIN             30                                                           
BLAKE              30                                                           
TURNER             30                                                           
JAMES              30                                                           

6 rows selected.

SQL> LIST THE EMPLOYEES WHOSE NAME DOES NOT START WITH  S 
SP2-0224: invalid starting line number
SQL> SELECT ENAME
  2  FROM EMP
  3  WHERE ENAME NOT LIKE 'S%';

ENAME                                                                           
----------                                                                      
ALLEN                                                                           
WARD                                                                            
JONES                                                                           
MARTIN                                                                          
BLAKE                                                                           
CLARK                                                                           
KING                                                                            
TURNER                                                                          
ADAMS                                                                           
JAMES                                                                           
FORD                                                                            

ENAME                                                                           
----------                                                                      
MILLER                                                                          

12 rows selected.

SQL> SET LINES 1000 PAGES 1000
SQL> SELECT ENAME, MGR, DEPTNO
  2  FROM EMP
  3  WHERE MGR IS NOT NULL AND DEPTNO=10;

ENAME             MGR     DEPTNO                                                                                                                                                                                                                                                                                                                                                                                                                                                                                                                                                                                                                                                                                                                                                                                                                                                                                                                                                                                                        
---------- ---------- ----------                                                                                                                                                                                                                                                                                                                                                                                                                                                                                                                                                                                                                                                                                                                                                                                                                                                                                                                                                                                                        
CLARK            7839         10                                                                                                                                                                                                                                                                                                                                                                                                                                                                                                                                                                                                                                                                                                                                                                                                                                                                                                                                                                                                        
MILLER           7782         10                                                                                                                                                                                                                                                                                                                                                                                                                                                                                                                                                                                                                                                                                                                                                                                                                                                                                                                                                                                                        

SQL> LIST ALL THE EMPLOYEES WHOSE COMMISSION IS NULL AND WORKING AS CLERK
SP2-0224: invalid starting line number
SQL> SELECT ENAME , COMM, JOB
  2  FROM EMP
  3  WHERE COMM IS NULL AND JOB='CLERK';

ENAME            COMM JOB                                                                                                                                                                                                                                                                                                                                                                                                                                                                                                                                                                                                                                                                                                                                                                                                                                                                                                                                                                                                               
---------- ---------- ---------                                                                                                                                                                                                                                                                                                                                                                                                                                                                                                                                                                                                                                                                                                                                                                                                                                                                                                                                                                                                         
SMITH                 CLERK                                                                                                                                                                                                                                                                                                                                                                                                                                                                                                                                                                                                                                                                                                                                                                                                                                                                                                                                                                                                             
ADAMS                 CLERK                                                                                                                                                                                                                                                                                                                                                                                                                                                                                                                                                                                                                                                                                                                                                                                                                                                                                                                                                                                                             
JAMES                 CLERK                                                                                                                                                                                                                                                                                                                                                                                                                                                                                                                                                                                                                                                                                                                                                                                                                                                                                                                                                                                                             
MILLER                CLERK                                                                                                                                                                                                                                                                                                                                                                                                                                                                                                                                                                                                                                                                                                                                                                                                                                                                                                                                                                                                             

SQL> LIST ALL THE EMPLOYEES WHO DON T HAVE A REPORTING MANAGER IN DEPTNO 10 OR 30
SP2-0224: invalid starting line number
SQL> SELECT ENAME,MGR, DEPTNO
  2  FROM EMP
  3  WHERE MGR IS NULL AND DEPTNO IN (10,30);

ENAME             MGR     DEPTNO                                                                                                                                                                                                                                                                                                                                                                                                                                                                                                                                                                                                                                                                                                                                                                                                                                                                                                                                                                                                        
---------- ---------- ----------                                                                                                                                                                                                                                                                                                                                                                                                                                                                                                                                                                                                                                                                                                                                                                                                                                                                                                                                                                                                        
KING                          10                                                                                                                                                                                                                                                                                                                                                                                                                                                                                                                                                                                                                                                                                                                                                                                                                                                                                                                                                                                                        

SQL> LIST ALL THE SALESMEN IN DEPT 30 WITH SAL MORE THAN
SP2-0224: invalid starting line number
SQL> 450
SP2-0226: Invalid line number 
SQL> SELECT ENAME , JOB, DEPTNO
  2  FROM EMP
  3  WHERE JOB='SALESMAN' AND DEPTNO=30 AND SAL>2450;

no rows selected

SQL> SELECT *
  2  FROM EMP;

     EMPNO ENAME      JOB              MGR HIREDATE         SAL       COMM     DEPTNO                                                                                                                                                                                                                                                                                                                                                                                                                                                                                                                                                                                                                                                                                                                                                                                                                                                                                                                                                   
---------- ---------- --------- ---------- --------- ---------- ---------- ----------                                                                                                                                                                                                                                                                                                                                                                                                                                                                                                                                                                                                                                                                                                                                                                                                                                                                                                                                                   
      7369 SMITH      CLERK           7902 17-DEC-80        800                    20                                                                                                                                                                                                                                                                                                                                                                                                                                                                                                                                                                                                                                                                                                                                                                                                                                                                                                                                                   
      7499 ALLEN      SALESMAN        7698 20-FEB-81       1600        300         30                                                                                                                                                                                                                                                                                                                                                                                                                                                                                                                                                                                                                                                                                                                                                                                                                                                                                                                                                   
      7521 WARD       SALESMAN        7698 22-FEB-81       1250        500         30                                                                                                                                                                                                                                                                                                                                                                                                                                                                                                                                                                                                                                                                                                                                                                                                                                                                                                                                                   
      7566 JONES      MANAGER         7839 02-APR-81       2975                    20                                                                                                                                                                                                                                                                                                                                                                                                                                                                                                                                                                                                                                                                                                                                                                                                                                                                                                                                                   
      7654 MARTIN     SALESMAN        7698 28-SEP-81       1250       1400         30                                                                                                                                                                                                                                                                                                                                                                                                                                                                                                                                                                                                                                                                                                                                                                                                                                                                                                                                                   
      7698 BLAKE      MANAGER         7839 01-MAY-81       2850                    30                                                                                                                                                                                                                                                                                                                                                                                                                                                                                                                                                                                                                                                                                                                                                                                                                                                                                                                                                   
      7782 CLARK      MANAGER         7839 09-JUN-81       2450                    10                                                                                                                                                                                                                                                                                                                                                                                                                                                                                                                                                                                                                                                                                                                                                                                                                                                                                                                                                   
      7788 SCOTT      ANALYST         7566 19-APR-87       3000                    20                                                                                                                                                                                                                                                                                                                                                                                                                                                                                                                                                                                                                                                                                                                                                                                                                                                                                                                                                   
      7839 KING       PRESIDENT            17-NOV-81       5000                    10                                                                                                                                                                                                                                                                                                                                                                                                                                                                                                                                                                                                                                                                                                                                                                                                                                                                                                                                                   
      7844 TURNER     SALESMAN        7698 08-SEP-81       1500          0         30                                                                                                                                                                                                                                                                                                                                                                                                                                                                                                                                                                                                                                                                                                                                                                                                                                                                                                                                                   
      7876 ADAMS      CLERK           7788 23-MAY-87       1100                    20                                                                                                                                                                                                                                                                                                                                                                                                                                                                                                                                                                                                                                                                                                                                                                                                                                                                                                                                                   
      7900 JAMES      CLERK           7698 03-DEC-81        950                    30                                                                                                                                                                                                                                                                                                                                                                                                                                                                                                                                                                                                                                                                                                                                                                                                                                                                                                                                                   
      7902 FORD       ANALYST         7566 03-DEC-81       3000                    20                                                                                                                                                                                                                                                                                                                                                                                                                                                                                                                                                                                                                                                                                                                                                                                                                                                                                                                                                   
      7934 MILLER     CLERK           7782 23-JAN-82       1300                    10                                                                                                                                                                                                                                                                                                                                                                                                                                                                                                                                                                                                                                                                                                                                                                                                                                                                                                                                                   

14 rows selected.

SQL> SELECT ENAME, JOB, DEPTNO
  2  FROM EMP
  3  WHERE JOB='SALESMAN' AND DEPTNO IN 30 OR SAL>2450;

ENAME      JOB           DEPTNO                                                                                                                                                                                                                                                                                                                                                                                                                                                                                                                                                                                                                                                                                                                                                                                                                                                                                                                                                                                                         
---------- --------- ----------                                                                                                                                                                                                                                                                                                                                                                                                                                                                                                                                                                                                                                                                                                                                                                                                                                                                                                                                                                                                         
ALLEN      SALESMAN          30                                                                                                                                                                                                                                                                                                                                                                                                                                                                                                                                                                                                                                                                                                                                                                                                                                                                                                                                                                                                         
WARD       SALESMAN          30                                                                                                                                                                                                                                                                                                                                                                                                                                                                                                                                                                                                                                                                                                                                                                                                                                                                                                                                                                                                         
JONES      MANAGER           20                                                                                                                                                                                                                                                                                                                                                                                                                                                                                                                                                                                                                                                                                                                                                                                                                                                                                                                                                                                                         
MARTIN     SALESMAN          30                                                                                                                                                                                                                                                                                                                                                                                                                                                                                                                                                                                                                                                                                                                                                                                                                                                                                                                                                                                                         
BLAKE      MANAGER           30                                                                                                                                                                                                                                                                                                                                                                                                                                                                                                                                                                                                                                                                                                                                                                                                                                                                                                                                                                                                         
SCOTT      ANALYST           20                                                                                                                                                                                                                                                                                                                                                                                                                                                                                                                                                                                                                                                                                                                                                                                                                                                                                                                                                                                                         
KING       PRESIDENT         10                                                                                                                                                                                                                                                                                                                                                                                                                                                                                                                                                                                                                                                                                                                                                                                                                                                                                                                                                                                                         
TURNER     SALESMAN          30                                                                                                                                                                                                                                                                                                                                                                                                                                                                                                                                                                                                                                                                                                                                                                                                                                                                                                                                                                                                         
FORD       ANALYST           20                                                                                                                                                                                                                                                                                                                                                                                                                                                                                                                                                                                                                                                                                                                                                                                                                                                                                                                                                                                                         

9 rows selected.

SQL> LIST ALL THE ANALYST IN DEPT NUMBER 20 AND HAVING SALARY GREATER THAN 2500
SP2-0224: invalid starting line number
SQL> SELECT JOB, DEPTNO, SAL
  2  FROM EMP
  3  WHERE JOB='ANALYST' AND DEPTNO =20 AND SAL>2500;

JOB           DEPTNO        SAL                                                                                                                                                                                                                                                                                                                                                                                                                                                                                                                                                                                                                                                                                                                                                                                                                                                                                                                                                                                                         
--------- ---------- ----------                                                                                                                                                                                                                                                                                                                                                                                                                                                                                                                                                                                                                                                                                                                                                                                                                                                                                                                                                                                                         
ANALYST           20       3000                                                                                                                                                                                                                                                                                                                                                                                                                                                                                                                                                                                                                                                                                                                                                                                                                                                                                                                                                                                                         
ANALYST           20       3000                                                                                                                                                                                                                                                                                                                                                                                                                                                                                                                                                                                                                                                                                                                                                                                                                                                                                                                                                                                                         

SQL> LIST ALL THE EMPLOYEES WHOSE NAME STARTS WITH  M  OR  J 
SP2-0224: invalid starting line number
SQL> SELECT ENAME
  2  FROM EMP
  3  WHERE ENAME LIKE 'M%' OR ENAME LIKE 'J%';

ENAME                                                                                                                                                                                                                                                                                                                                                                                                                                                                                                                                                                                                                                                                                                                                                                                                                                                                                                                                                                                                                                   
----------                                                                                                                                                                                                                                                                                                                                                                                                                                                                                                                                                                                                                                                                                                                                                                                                                                                                                                                                                                                                                              
JONES                                                                                                                                                                                                                                                                                                                                                                                                                                                                                                                                                                                                                                                                                                                                                                                                                                                                                                                                                                                                                                   
MARTIN                                                                                                                                                                                                                                                                                                                                                                                                                                                                                                                                                                                                                                                                                                                                                                                                                                                                                                                                                                                                                                  
JAMES                                                                                                                                                                                                                                                                                                                                                                                                                                                                                                                                                                                                                                                                                                                                                                                                                                                                                                                                                                                                                                   
MILLER                                                                                                                                                                                                                                                                                                                                                                                                                                                                                                                                                                                                                                                                                                                                                                                                                                                                                                                                                                                                                                  

SQL> LIST ALL THE EMPLOYEES WITH ANNUAL SALARY EXCEPT THOSE WHO ARE WORKING IN DEPT 30
SP2-0224: invalid starting line number
SQL> SELECT ENAME, SAL*12 ANN_SAL
  2  FROM EMP
  3  WHERE DEPTNO NOT IN 30;

ENAME         ANN_SAL                                                                                                                                                                                                                                                                                                                                                                                                                                                                                                                                                                                                                                                                                                                                                                                                                                                                                                                                                                                                                   
---------- ----------                                                                                                                                                                                                                                                                                                                                                                                                                                                                                                                                                                                                                                                                                                                                                                                                                                                                                                                                                                                                                   
SMITH            9600                                                                                                                                                                                                                                                                                                                                                                                                                                                                                                                                                                                                                                                                                                                                                                                                                                                                                                                                                                                                                   
JONES           35700                                                                                                                                                                                                                                                                                                                                                                                                                                                                                                                                                                                                                                                                                                                                                                                                                                                                                                                                                                                                                   
CLARK           29400                                                                                                                                                                                                                                                                                                                                                                                                                                                                                                                                                                                                                                                                                                                                                                                                                                                                                                                                                                                                                   
SCOTT           36000                                                                                                                                                                                                                                                                                                                                                                                                                                                                                                                                                                                                                                                                                                                                                                                                                                                                                                                                                                                                                   
KING            60000                                                                                                                                                                                                                                                                                                                                                                                                                                                                                                                                                                                                                                                                                                                                                                                                                                                                                                                                                                                                                   
ADAMS           13200                                                                                                                                                                                                                                                                                                                                                                                                                                                                                                                                                                                                                                                                                                                                                                                                                                                                                                                                                                                                                   
FORD            36000                                                                                                                                                                                                                                                                                                                                                                                                                                                                                                                                                                                                                                                                                                                                                                                                                                                                                                                                                                                                                   
MILLER          15600                                                                                                                                                                                                                                                                                                                                                                                                                                                                                                                                                                                                                                                                                                                                                                                                                                                                                                                                                                                                                   

8 rows selected.

SQL> LIST THE EMPLOYEES WHOSE NAME DOES NOT END WITH  ES  OR  R 
SP2-0224: invalid starting line number
SQL> SELECT ENAME
  2  FROM EMP
  3  WHERE ENAME NOT LIKE '%ES' OR ENAME NOT LIKE'%R';

ENAME                                                                                                                                                                                                                                                                                                                                                                                                                                                                                                                                                                                                                                                                                                                                                                                                                                                                                                                                                                                                                                   
----------                                                                                                                                                                                                                                                                                                                                                                                                                                                                                                                                                                                                                                                                                                                                                                                                                                                                                                                                                                                                                              
SMITH                                                                                                                                                                                                                                                                                                                                                                                                                                                                                                                                                                                                                                                                                                                                                                                                                                                                                                                                                                                                                                   
ALLEN                                                                                                                                                                                                                                                                                                                                                                                                                                                                                                                                                                                                                                                                                                                                                                                                                                                                                                                                                                                                                                   
WARD                                                                                                                                                                                                                                                                                                                                                                                                                                                                                                                                                                                                                                                                                                                                                                                                                                                                                                                                                                                                                                    
JONES                                                                                                                                                                                                                                                                                                                                                                                                                                                                                                                                                                                                                                                                                                                                                                                                                                                                                                                                                                                                                                   
MARTIN                                                                                                                                                                                                                                                                                                                                                                                                                                                                                                                                                                                                                                                                                                                                                                                                                                                                                                                                                                                                                                  
BLAKE                                                                                                                                                                                                                                                                                                                                                                                                                                                                                                                                                                                                                                                                                                                                                                                                                                                                                                                                                                                                                                   
CLARK                                                                                                                                                                                                                                                                                                                                                                                                                                                                                                                                                                                                                                                                                                                                                                                                                                                                                                                                                                                                                                   
SCOTT                                                                                                                                                                                                                                                                                                                                                                                                                                                                                                                                                                                                                                                                                                                                                                                                                                                                                                                                                                                                                                   
KING                                                                                                                                                                                                                                                                                                                                                                                                                                                                                                                                                                                                                                                                                                                                                                                                                                                                                                                                                                                                                                    
TURNER                                                                                                                                                                                                                                                                                                                                                                                                                                                                                                                                                                                                                                                                                                                                                                                                                                                                                                                                                                                                                                  
ADAMS                                                                                                                                                                                                                                                                                                                                                                                                                                                                                                                                                                                                                                                                                                                                                                                                                                                                                                                                                                                                                                   
JAMES                                                                                                                                                                                                                                                                                                                                                                                                                                                                                                                                                                                                                                                                                                                                                                                                                                                                                                                                                                                                                                   
FORD                                                                                                                                                                                                                                                                                                                                                                                                                                                                                                                                                                                                                                                                                                                                                                                                                                                                                                                                                                                                                                    
MILLER                                                                                                                                                                                                                                                                                                                                                                                                                                                                                                                                                                                                                                                                                                                                                                                                                                                                                                                                                                                                                                  

14 rows selected.

SQL> LIST ALL THE EMPLOYEES WHO ARE HAVING REPORTING MANAGERS IN DEPT 10 ALONG WITH 10% HIKE IN SALARY
SP2-0224: invalid starting line number
SQL> SELECT ENAME, SAL+SAL*10/100 HIKE
  2  FROM EMP
  3  WHERE MGR IS NOT NULL AND DEPTNO IN 10;

ENAME            HIKE                                                                                                                                                                                                                                                                                                                                                                                                                                                                                                                                                                                                                                                                                                                                                                                                                                                                                                                                                                                                                   
---------- ----------                                                                                                                                                                                                                                                                                                                                                                                                                                                                                                                                                                                                                                                                                                                                                                                                                                                                                                                                                                                                                   
CLARK            2695                                                                                                                                                                                                                                                                                                                                                                                                                                                                                                                                                                                                                                                                                                                                                                                                                                                                                                                                                                                                                   
MILLER           1430                                                                                                                                                                                                                                                                                                                                                                                                                                                                                                                                                                                                                                                                                                                                                                                                                                                                                                                                                                                                                   

SQL> DISPLAY ALL THE EMPLOYEE WHO ARE  SALESMAN S HAVING  E  AS THE LAST BUT ONE CHARACTER IN ENAME BUT SALARY HAVING EXACTLY 4 CHARACTER
SP2-0734: unknown command beginning "DISPLAY AL..." - rest of line ignored.
SQL> SELECT ENAME, JOB
  2  FROM EMP
  3  WHERE JOB='SALESMAN' AND ENAME LIKE '%E' AND SAL LIKE '____';

no rows selected

SQL>  SELECT ENAME, JOB
  2   FROM EMP
  3   WHERE JOB='SALESMAN' AND ENAME LIKE '%_E' AND SAL LIKE '____';

no rows selected

SQL>  SELECT ENAME, JOB
  2   FROM EMP
  3   WHERE JOB='SALESMAN' AND ENAME LIKE '%E_' AND SAL LIKE '____';

ENAME      JOB                                                                                                                                                                                                                                                                                                                                                                                                                                                                                                                                                                                                                                                                                                                                                                                                                                                                                                                                                                                                                          
---------- ---------                                                                                                                                                                                                                                                                                                                                                                                                                                                                                                                                                                                                                                                                                                                                                                                                                                                                                                                                                                                                                    
ALLEN      SALESMAN                                                                                                                                                                                                                                                                                                                                                                                                                                                                                                                                                                                                                                                                                                                                                                                                                                                                                                                                                                                                                     
TURNER     SALESMAN                                                                                                                                                                                                                                                                                                                                                                                                                                                                                                                                                                                                                                                                                                                                                                                                                                                                                                                                                                                                                     

SQL> DISPLAY ALL THE EMPLOYEE WHO ARE JOINED AFTER YEAR 81
SP2-0734: unknown command beginning "DISPLAY AL..." - rest of line ignored.
SQL> SELECT ENAME , HIREDATE
  2  FROM EMP
  3  WHERE HIREDATE>'31-DEC-1981';

ENAME      HIREDATE                                                                                                                                                                                                                                                                                                                                                                                                                                                                                                                                                                                                                                                                                                                                                                                                                                                                                                                                                                                                                     
---------- ---------                                                                                                                                                                                                                                                                                                                                                                                                                                                                                                                                                                                                                                                                                                                                                                                                                                                                                                                                                                                                                    
SCOTT      19-APR-87                                                                                                                                                                                                                                                                                                                                                                                                                                                                                                                                                                                                                                                                                                                                                                                                                                                                                                                                                                                                                    
ADAMS      23-MAY-87                                                                                                                                                                                                                                                                                                                                                                                                                                                                                                                                                                                                                                                                                                                                                                                                                                                                                                                                                                                                                    
MILLER     23-JAN-82                                                                                                                                                                                                                                                                                                                                                                                                                                                                                                                                                                                                                                                                                                                                                                                                                                                                                                                                                                                                                    

SQL> DISPLAY ALL THE EMPLOYEE WHO ARE JOINED IN FEB
SP2-0734: unknown command beginning "DISPLAY AL..." - rest of line ignored.
SQL> SELECT ENAME, HIREDATE
  2  FROM EMP
  3  WHERE HIREDATE>'FEB';
WHERE HIREDATE>'FEB'
               *
ERROR at line 3:
ORA-01858: a non-numeric character was found where a numeric was expected 


SQL> SELECT ENAME,HIREDATE
  2  FROM EMP
  3  WHERE HIREDATE='01-FEB-1981';

no rows selected

SQL> SELECT ENAME, HIREDATE
  2  FROM EMP
  3  WHERE HIREDATE>'31-JAN-1981' AND HIREDATE<'01-MAR-1981';

ENAME      HIREDATE                                                                                                                                                                                                                                                                                                                                                                                                                                                                                                                                                                                                                                                                                                                                                                                                                                                                                                                                                                                                                     
---------- ---------                                                                                                                                                                                                                                                                                                                                                                                                                                                                                                                                                                                                                                                                                                                                                                                                                                                                                                                                                                                                                    
ALLEN      20-FEB-81                                                                                                                                                                                                                                                                                                                                                                                                                                                                                                                                                                                                                                                                                                                                                                                                                                                                                                                                                                                                                    
WARD       22-FEB-81                                                                                                                                                                                                                                                                                                                                                                                                                                                                                                                                                                                                                                                                                                                                                                                                                                                                                                                                                                                                                    

SQL> LIST THE EMPLOYEES WHO ARE NOT WORKING AS MANAGERS AND CLERKS IN DEPT 10 AND 20 WITH A SALARY IN THE RANGE OF 1000 TO 3000
SP2-0224: invalid starting line number
SQL> SELECT ENAME, JOB, DEPTNO
  2  FROM EMP
  3  WHERE JOB IS NOT 'MANAGER;
ERROR:
ORA-01756: quoted string not properly terminated 


SQL> SELECT ENAME
  2  FROM EMP
  3  WHERE JOB!='MANAGER' AND JOB!='CLERK' AND DEPTNO IN(10,20) AND SAL BETWEEN 1000 AND 3000;

ENAME                                                                                                                                                                                                                                                                                                                                                                                                                                                                                                                                                                                                                                                                                                                                                                                                                                                                                                                                                                                                                                   
----------                                                                                                                                                                                                                                                                                                                                                                                                                                                                                                                                                                                                                                                                                                                                                                                                                                                                                                                                                                                                                              
SCOTT                                                                                                                                                                                                                                                                                                                                                                                                                                                                                                                                                                                                                                                                                                                                                                                                                                                                                                                                                                                                                                   
FORD                                                                                                                                                                                                                                                                                                                                                                                                                                                                                                                                                                                                                                                                                                                                                                                                                                                                                                                                                                                                                                    

SQL> ED
Wrote file afiedt.buf

  1  SELECT ENAME, JOB, DEPTNO
  2  FROM EMP
  3* WHERE JOB!='MANAGER' AND JOB!='CLERK' AND DEPTNO IN(10,20) AND SAL BETWEEN 1000 AND 3000
SQL> /

ENAME      JOB           DEPTNO                                                                                                                                                                                                                                                                                                                                                                                                                                                                                                                                                                                                                                                                                                                                                                                                                                                                                                                                                                                                         
---------- --------- ----------                                                                                                                                                                                                                                                                                                                                                                                                                                                                                                                                                                                                                                                                                                                                                                                                                                                                                                                                                                                                         
SCOTT      ANALYST           20                                                                                                                                                                                                                                                                                                                                                                                                                                                                                                                                                                                                                                                                                                                                                                                                                                                                                                                                                                                                         
FORD       ANALYST           20                                                                                                                                                                                                                                                                                                                                                                                                                                                                                                                                                                                                                                                                                                                                                                                                                                                                                                                                                                                                         

SQL> LIST THE EMPLOYEES WHOSE SALARY NOT IN THE RANGE OF 1000 TO 2000 AND WORKING IN DEPT 10,20 OR 30 EXCEPT ALL SALESMEN
SP2-0224: invalid starting line number
SQL> SELECT ENAME , SAL DEPTNO
  2  FROM EMP
  3  WHERE SAL NOT BETWEEN 1000 AND 2000 AND DEPTNO IN (10,20.30) AND JOB!='SALESMAN';

ENAME          DEPTNO                                                                                                                                                                                                                                                                                                                                                                                                                                                                                                                                                                                                                                                                                                                                                                                                                                                                                                                                                                                                                   
---------- ----------                                                                                                                                                                                                                                                                                                                                                                                                                                                                                                                                                                                                                                                                                                                                                                                                                                                                                                                                                                                                                   
CLARK            2450                                                                                                                                                                                                                                                                                                                                                                                                                                                                                                                                                                                                                                                                                                                                                                                                                                                                                                                                                                                                                   
KING             5000                                                                                                                                                                                                                                                                                                                                                                                                                                                                                                                                                                                                                                                                                                                                                                                                                                                                                                                                                                                                                   

SQL> ED
Wrote file afiedt.buf

  1  SELECT ENAME , SAL ,DEPTNO
  2  FROM EMP
  3* WHERE SAL NOT BETWEEN 1000 AND 2000 AND DEPTNO IN (10,20.30) AND JOB!='SALESMAN'
SQL> /

ENAME             SAL     DEPTNO                                                                                                                                                                                                                                                                                                                                                                                                                                                                                                                                                                                                                                                                                                                                                                                                                                                                                                                                                                                                        
---------- ---------- ----------                                                                                                                                                                                                                                                                                                                                                                                                                                                                                                                                                                                                                                                                                                                                                                                                                                                                                                                                                                                                        
CLARK            2450         10                                                                                                                                                                                                                                                                                                                                                                                                                                                                                                                                                                                                                                                                                                                                                                                                                                                                                                                                                                                                        
KING             5000         10                                                                                                                                                                                                                                                                                                                                                                                                                                                                                                                                                                                                                                                                                                                                                                                                                                                                                                                                                                                                        

SQL> LIST THE DEPARTMENT NAMES WHICH ARE HAVING LETTER  O  IN THEIR LOCATIONS AS WELL AS THEIR DEPARTMENT NAMES
SP2-0224: invalid starting line number
SQL> SELECT *
  2  FROM DEPT;

    DEPTNO DNAME          LOC                                                                                                                                                                                                                                                                                                                                                                                                                                                                                                                                                                                                                                                                                                                                                                                                                                                                                                                                                                                                           
---------- -------------- -------------                                                                                                                                                                                                                                                                                                                                                                                                                                                                                                                                                                                                                                                                                                                                                                                                                                                                                                                                                                                                 
        10 ACCOUNTING     NEW YORK                                                                                                                                                                                                                                                                                                                                                                                                                                                                                                                                                                                                                                                                                                                                                                                                                                                                                                                                                                                                      
        20 RESEARCH       DALLAS                                                                                                                                                                                                                                                                                                                                                                                                                                                                                                                                                                                                                                                                                                                                                                                                                                                                                                                                                                                                        
        30 SALES          CHICAGO                                                                                                                                                                                                                                                                                                                                                                                                                                                                                                                                                                                                                                                                                                                                                                                                                                                                                                                                                                                                       
        40 OPERATIONS     BOSTON                                                                                                                                                                                                                                                                                                                                                                                                                                                                                                                                                                                                                                                                                                                                                                                                                                                                                                                                                                                                        

SQL> SELECT DNAME
  2  FROM DEPT
  3  WHERE LOC LIKE '%O%' AND DNAME LIKE '%O%';

DNAME                                                                                                                                                                                                                                                                                                                                                                                                                                                                                                                                                                                                                                                                                                                                                                                                                                                                                                                                                                                                                                   
--------------                                                                                                                                                                                                                                                                                                                                                                                                                                                                                                                                                                                                                                                                                                                                                                                                                                                                                                                                                                                                                          
ACCOUNTING                                                                                                                                                                                                                                                                                                                                                                                                                                                                                                                                                                                                                                                                                                                                                                                                                                                                                                                                                                                                                              
OPERATIONS                                                                                                                                                                                                                                                                                                                                                                                                                                                                                                                                                                                                                                                                                                                                                                                                                                                                                                                                                                                                                              

SQL> DISPLAY ALL THE EMPLOYEES WHOSE JOB HAS STRING  MAN  IN IT.
SP2-0734: unknown command beginning "DISPLAY AL..." - rest of line ignored.
SQL> SELECT ENAME , JOB
  2  FROM EMP
  3  WHERE JOB LIKE '%MAN';

ENAME      JOB                                                                                                                                                                                                                                                                                                                                                                                                                                                                                                                                                                                                                                                                                                                                                                                                                                                                                                                                                                                                                          
---------- ---------                                                                                                                                                                                                                                                                                                                                                                                                                                                                                                                                                                                                                                                                                                                                                                                                                                                                                                                                                                                                                    
ALLEN      SALESMAN                                                                                                                                                                                                                                                                                                                                                                                                                                                                                                                                                                                                                                                                                                                                                                                                                                                                                                                                                                                                                     
WARD       SALESMAN                                                                                                                                                                                                                                                                                                                                                                                                                                                                                                                                                                                                                                                                                                                                                                                                                                                                                                                                                                                                                     
MARTIN     SALESMAN                                                                                                                                                                                                                                                                                                                                                                                                                                                                                                                                                                                                                                                                                                                                                                                                                                                                                                                                                                                                                     
TURNER     SALESMAN                                                                                                                                                                                                                                                                                                                                                                                                                                                                                                                                                                                                                                                                                                                                                                                                                                                                                                                                                                                                                     

SQL> LIST THE EMPLOYEES WHO ARE HIRED AFTER 82 AND BEFORE 87.
SP2-0224: invalid starting line number
SQL> SELECT ENAME, HIREDATE
  2  FROM EMP
  3  WHERE HIREDATE>'31-DEC-1982' AND HIREDATE<'01-JAN-1987';

no rows selected

SQL> ED
Wrote file afiedt.buf

  1  SELECT ENAME, HIREDATE
  2  FROM EMP
  3* WHERE HIREDATE>'31-DEC-1982' OR HIREDATE<'01-JAN-1987'
SQL> /

ENAME      HIREDATE                                                                                                                                                                                                                                                                                                                                                                                                                                                                                                                                                                                                                                                                                                                                                                                                                                                                                                                                                                                                                     
---------- ---------                                                                                                                                                                                                                                                                                                                                                                                                                                                                                                                                                                                                                                                                                                                                                                                                                                                                                                                                                                                                                    
SMITH      17-DEC-80                                                                                                                                                                                                                                                                                                                                                                                                                                                                                                                                                                                                                                                                                                                                                                                                                                                                                                                                                                                                                    
ALLEN      20-FEB-81                                                                                                                                                                                                                                                                                                                                                                                                                                                                                                                                                                                                                                                                                                                                                                                                                                                                                                                                                                                                                    
WARD       22-FEB-81                                                                                                                                                                                                                                                                                                                                                                                                                                                                                                                                                                                                                                                                                                                                                                                                                                                                                                                                                                                                                    
JONES      02-APR-81                                                                                                                                                                                                                                                                                                                                                                                                                                                                                                                                                                                                                                                                                                                                                                                                                                                                                                                                                                                                                    
MARTIN     28-SEP-81                                                                                                                                                                                                                                                                                                                                                                                                                                                                                                                                                                                                                                                                                                                                                                                                                                                                                                                                                                                                                    
BLAKE      01-MAY-81                                                                                                                                                                                                                                                                                                                                                                                                                                                                                                                                                                                                                                                                                                                                                                                                                                                                                                                                                                                                                    
CLARK      09-JUN-81                                                                                                                                                                                                                                                                                                                                                                                                                                                                                                                                                                                                                                                                                                                                                                                                                                                                                                                                                                                                                    
SCOTT      19-APR-87                                                                                                                                                                                                                                                                                                                                                                                                                                                                                                                                                                                                                                                                                                                                                                                                                                                                                                                                                                                                                    
KING       17-NOV-81                                                                                                                                                                                                                                                                                                                                                                                                                                                                                                                                                                                                                                                                                                                                                                                                                                                                                                                                                                                                                    
TURNER     08-SEP-81                                                                                                                                                                                                                                                                                                                                                                                                                                                                                                                                                                                                                                                                                                                                                                                                                                                                                                                                                                                                                    
ADAMS      23-MAY-87                                                                                                                                                                                                                                                                                                                                                                                                                                                                                                                                                                                                                                                                                                                                                                                                                                                                                                                                                                                                                    
JAMES      03-DEC-81                                                                                                                                                                                                                                                                                                                                                                                                                                                                                                                                                                                                                                                                                                                                                                                                                                                                                                                                                                                                                    
FORD       03-DEC-81                                                                                                                                                                                                                                                                                                                                                                                                                                                                                                                                                                                                                                                                                                                                                                                                                                                                                                                                                                                                                    
MILLER     23-JAN-82                                                                                                                                                                                                                                                                                                                                                                                                                                                                                                                                                                                                                                                                                                                                                                                                                                                                                                                                                                                                                    

14 rows selected.

SQL> SELECT ENAME, HIREDATE
  2  FROM EMP
  3  WHERE HIREDATE BETWEEN '01-JAN-1983' AND '31-DEC-1986';

no rows selected

SQL> WAQTD ALL THE DETAILS OF EMPLOYEES HIRED IN NOVEMBER AND DECEMBER
SP2-0734: unknown command beginning "WAQTD ALL ..." - rest of line ignored.
SQL> SELECT *
  2  FROM EMP
  3  WHERE HIREDATE BETWEEN '31-OCT-1981' AND '01-JAN-1982';

     EMPNO ENAME      JOB              MGR HIREDATE         SAL       COMM     DEPTNO                                                                                                                                                                                                                                                                                                                                                                                                                                                                                                                                                                                                                                                                                                                                                                                                                                                                                                                                                   
---------- ---------- --------- ---------- --------- ---------- ---------- ----------                                                                                                                                                                                                                                                                                                                                                                                                                                                                                                                                                                                                                                                                                                                                                                                                                                                                                                                                                   
      7839 KING       PRESIDENT            17-NOV-81       5000                    10                                                                                                                                                                                                                                                                                                                                                                                                                                                                                                                                                                                                                                                                                                                                                                                                                                                                                                                                                   
      7900 JAMES      CLERK           7698 03-DEC-81        950                    30                                                                                                                                                                                                                                                                                                                                                                                                                                                                                                                                                                                                                                                                                                                                                                                                                                                                                                                                                   
      7902 FORD       ANALYST         7566 03-DEC-81       3000                    20                                                                                                                                                                                                                                                                                                                                                                                                                                                                                                                                                                                                                                                                                                                                                                                                                                                                                                                                                   

SQL> LIST ALL THE EMPLOYEE NAMES AND COMISSION FOR THOSE EMPLOYEES WHO EARN COMISSION MORE THAN THEIR SALARY
SP2-0224: invalid starting line number
SQL> SELECT ENAME, COMM
  2  FROM EMP
  3  WHERE COMM>SAL;

ENAME            COMM                                                                                                                                                                                                                                                                                                                                                                                                                                                                                                                                                                                                                                                                                                                                                                                                                                                                                                                                                                                                                   
---------- ----------                                                                                                                                                                                                                                                                                                                                                                                                                                                                                                                                                                                                                                                                                                                                                                                                                                                                                                                                                                                                                   
MARTIN           1400                                                                                                                                                                                                                                                                                                                                                                                                                                                                                                                                                                                                                                                                                                                                                                                                                                                                                                                                                                                                                   

SQL> WAQTD NAME AND DESIGNATION FOR ALL THE
SP2-0734: unknown command beginning "WAQTD NAME..." - rest of line ignored.
SQL> MPLOYEES HAVING REPORTING MANAGERS AND ALSO THRIE NAMES STARTING WITH  S 
SP2-0734: unknown command beginning "MPLOYEES H..." - rest of line ignored.
SQL> SELECT ENAME,JOB, MGR
  2  FROM EMP
  3  WHERE MGR IS NOT NULL AND ENAME LIKE 'S%';

ENAME      JOB              MGR                                                                                                                                                                                                                                                                                                                                                                                                                                                                                                                                                                                                                                                                                                                                                                                                                                                                                                                                                                                                         
---------- --------- ----------                                                                                                                                                                                                                                                                                                                                                                                                                                                                                                                                                                                                                                                                                                                                                                                                                                                                                                                                                                                                         
SMITH      CLERK           7902                                                                                                                                                                                                                                                                                                                                                                                                                                                                                                                                                                                                                                                                                                                                                                                                                                                                                                                                                                                                         
SCOTT      ANALYST         7566                                                                                                                                                                                                                                                                                                                                                                                                                                                                                                                                                                                                                                                                                                                                                                                                                                                                                                                                                                                                         

SQL> WAQTD NAME AND SALARY OF ALL THE EMPLOYEES IF THEIR ANNUAL SALARY ENDS WITH  0 .
SP2-0734: unknown command beginning "WAQTD NAME..." - rest of line ignored.
SQL> SELECT ENAME, SAL, SAL*12 ANN_SAL
  2  FROM EMP
  3  WHERE SAL*12 LIKE '%0';

ENAME             SAL    ANN_SAL                                                                                                                                                                                                                                                                                                                                                                                                                                                                                                                                                                                                                                                                                                                                                                                                                                                                                                                                                                                                        
---------- ---------- ----------                                                                                                                                                                                                                                                                                                                                                                                                                                                                                                                                                                                                                                                                                                                                                                                                                                                                                                                                                                                                        
SMITH             800       9600                                                                                                                                                                                                                                                                                                                                                                                                                                                                                                                                                                                                                                                                                                                                                                                                                                                                                                                                                                                                        
ALLEN            1600      19200                                                                                                                                                                                                                                                                                                                                                                                                                                                                                                                                                                                                                                                                                                                                                                                                                                                                                                                                                                                                        
WARD             1250      15000                                                                                                                                                                                                                                                                                                                                                                                                                                                                                                                                                                                                                                                                                                                                                                                                                                                                                                                                                                                                        
JONES            2975      35700                                                                                                                                                                                                                                                                                                                                                                                                                                                                                                                                                                                                                                                                                                                                                                                                                                                                                                                                                                                                        
MARTIN           1250      15000                                                                                                                                                                                                                                                                                                                                                                                                                                                                                                                                                                                                                                                                                                                                                                                                                                                                                                                                                                                                        
BLAKE            2850      34200                                                                                                                                                                                                                                                                                                                                                                                                                                                                                                                                                                                                                                                                                                                                                                                                                                                                                                                                                                                                        
CLARK            2450      29400                                                                                                                                                                                                                                                                                                                                                                                                                                                                                                                                                                                                                                                                                                                                                                                                                                                                                                                                                                                                        
SCOTT            3000      36000                                                                                                                                                                                                                                                                                                                                                                                                                                                                                                                                                                                                                                                                                                                                                                                                                                                                                                                                                                                                        
KING             5000      60000                                                                                                                                                                                                                                                                                                                                                                                                                                                                                                                                                                                                                                                                                                                                                                                                                                                                                                                                                                                                        
TURNER           1500      18000                                                                                                                                                                                                                                                                                                                                                                                                                                                                                                                                                                                                                                                                                                                                                                                                                                                                                                                                                                                                        
ADAMS            1100      13200                                                                                                                                                                                                                                                                                                                                                                                                                                                                                                                                                                                                                                                                                                                                                                                                                                                                                                                                                                                                        
JAMES             950      11400                                                                                                                                                                                                                                                                                                                                                                                                                                                                                                                                                                                                                                                                                                                                                                                                                                                                                                                                                                                                        
FORD             3000      36000                                                                                                                                                                                                                                                                                                                                                                                                                                                                                                                                                                                                                                                                                                                                                                                                                                                                                                                                                                                                        
MILLER           1300      15600                                                                                                                                                                                                                                                                                                                                                                                                                                                                                                                                                                                                                                                                                                                                                                                                                                                                                                                                                                                                        

14 rows selected.

SQL> WAQTD NAME OF THE EMPLOYEE HAVING ATLEAST 2L s IN HIS NAME.
SP2-0734: unknown command beginning "WAQTD NAME..." - rest of line ignored.
SQL> SELECT ENAME
  2  FROM EMP
  3  WHERE ENAME LIKE '%L%L%';

ENAME                                                                                                                                                                                                                                                                                                                                                                                                                                                                                                                                                                                                                                                                                                                                                                                                                                                                                                                                                                                                                                   
----------                                                                                                                                                                                                                                                                                                                                                                                                                                                                                                                                                                                                                                                                                                                                                                                                                                                                                                                                                                                                                              
ALLEN                                                                                                                                                                                                                                                                                                                                                                                                                                                                                                                                                                                                                                                                                                                                                                                                                                                                                                                                                                                                                                   
MILLER                                                                                                                                                                                                                                                                                                                                                                                                                                                                                                                                                                                                                                                                                                                                                                                                                                                                                                                                                                                                                                  

SQL> WAQTD NAME OF THE EMPLOYEES WHOS NAME STARTS WITH A  VOWEL 
SP2-0734: unknown command beginning "WAQTD NAME..." - rest of line ignored.
SQL> SELECT ENAME
  2  FROM EMP
  3  WHERE ENAME LIKE 'A%' OR ENAME LIKE 'E%' OR ENAME LIKE 'I%' OR ENAME LIKE 'O%' OR ENAME LIKE 'U%';

ENAME                                                                                                                                                                                                                                                                                                                                                                                                                                                                                                                                                                                                                                                                                                                                                                                                                                                                                                                                                                                                                                   
----------                                                                                                                                                                                                                                                                                                                                                                                                                                                                                                                                                                                                                                                                                                                                                                                                                                                                                                                                                                                                                              
ALLEN                                                                                                                                                                                                                                                                                                                                                                                                                                                                                                                                                                                                                                                                                                                                                                                                                                                                                                                                                                                                                                   
ADAMS                                                                                                                                                                                                                                                                                                                                                                                                                                                                                                                                                                                                                                                                                                                                                                                                                                                                                                                                                                                                                                   

SQL> SPOOL OFF
